1;0;0;1;0;0;0;2;0;1;2;30.7;0;550
0;0;1;1;0;0;0;2;0;1;1;17;1;600
0;0;0;0;0;1;0;5;1;0;1;12;0;650
1;0;0;1;0;0;0;5;0;0;1;16;0;680
0;0;0;0;0;1;0;9;0;0;2;38;1;700
0;1;0;0;0;1;0;5;1;0;1;13;0;750
1;0;0;0;0;1;0;5;0;0;1;18.2;0;800
0;0;1;0;0;0;1;2;1;0;1;26;0;800
0;0;1;0;0;0;1;2;1;0;1;39;0;800
1;0;0;0;0;1;0;5;0;0;1;18.8;0;850
0;0;0;0;0;1;0;5;1;0;1;15;0;850
1;0;0;0;0;1;0;5;0;0;1;19;0;890
0;1;0;1;0;0;0;5;0;0;1;20;0;900
0;1;0;0;0;0;1;2;0;1;1;34.3;0;900
0;0;1;0;0;0;1;2;1;0;1;20;0;920
0;1;0;0;0;1;0;5;0;0;1;24;0;950
0;0;1;1;0;0;0;4;0;0;1;15.7;0;950
0;0;1;0;1;0;0;16;0;0;1;32;1;950
0;0;0;0;0;0;1;2;1;0;1;30.8;0;950
0;1;0;0;0;0;1;1;1;1;2;41;0;970
0;1;0;1;0;0;0;3;0;0;1;20;0;990
0;0;1;0;0;0;1;2;1;0;3;50;0;990
1;0;0;0;0;1;0;5;0;0;1;17.3;1;1000
0;1;0;1;0;0;0;5;0;0;1;18;0;1000
0;0;1;0;0;0;1;2;0;1;1;25;0;1000
0;0;1;0;0;0;1;1;1;1;2;30;0;1000
0;0;0;0;0;1;0;9;1;0;1;20;0;1000
0;0;0;0;0;1;0;5;0;0;1;18.4;0;1000
0;0;0;0;0;0;0;9;0;0;1;25.92;0;1008
0;0;0;0;0;0;0;9;0;0;1;26.02;0;1012
0;0;0;0;0;0;0;9;0;0;1;26.02;0;1012
0;0;0;0;0;0;0;9;0;0;1;26.22;0;1019
0;0;0;0;0;0;0;9;1;0;1;26.42;0;1027
0;1;0;1;0;0;0;4;0;0;1;20;0;1030
0;0;1;0;0;0;1;2;1;0;1;25.9;0;1050
0;0;1;0;0;0;1;2;0;1;1;37;0;1050
0;0;1;0;0;0;0;2;0;1;1;22.1;1;1050
0;0;0;1;0;0;0;5;0;1;1;17.5;0;1060
0;1;0;1;0;0;0;5;0;1;1;18;0;1070
0;0;0;1;0;0;0;4;0;1;1;22;0;1070
0;0;0;1;0;0;0;4;1;0;1;18;0;1070
0;0;0;1;0;0;0;5;1;0;1;28.5;0;1090
1;0;0;1;0;0;0;18;0;0;1;32;1;1100
1;0;0;1;0;0;0;16;0;0;1;35;1;1100
0;1;0;1;0;0;0;5;0;0;1;18;0;1100
0;0;1;0;0;0;1;2;1;0;2;60;0;1100
0;0;1;0;0;0;1;2;1;0;1;19.4;0;1100
0;0;1;1;0;0;0;4;0;1;1;20;0;1100
0;0;1;1;0;0;0;5;1;0;1;25;0;1100
0;0;1;1;0;0;0;5;0;0;2;56;0;1100
0;0;1;0;0;0;1;1;1;1;1;24;0;1100
1;0;0;0;1;0;0;16;0;0;1;29;1;1115
0;0;0;0;1;0;0;9;0;0;1;32;1;1140
1;0;0;0;0;0;0;5;0;0;1;31;1;1150
0;1;0;0;0;1;0;9;1;0;1;18;0;1150
0;1;0;0;0;1;0;5;0;0;1;24;0;1150
0;1;0;0;0;1;0;5;0;0;1;24;1;1150
0;0;0;0;0;0;0;5;0;0;1;27;0;1150
0;0;0;0;0;1;0;5;0;0;1;18.5;0;1150
0;0;0;0;0;1;0;5;0;0;1;23;0;1150
0;0;0;0;0;1;0;9;1;0;1;26;0;1150
0;0;1;0;0;0;1;2;1;0;3;60;0;1170
0;0;0;0;0;1;0;5;0;0;1;23;1;1190
0;0;0;0;0;0;0;9;0;0;1;32.42;0;1196
0;0;1;0;0;0;1;2;0;1;2;29.4;0;1200
0;0;0;1;0;0;0;5;0;0;1;37;1;1200
0;0;0;0;1;0;0;5;1;0;1;39.5;1;1200
0;0;0;0;0;0;0;9;0;0;1;32.52;0;1200
0;0;0;0;0;0;0;5;0;0;1;36;1;1200
0;0;0;0;0;0;0;9;0;0;1;32.6;0;1202
0;0;0;0;0;0;0;9;0;0;2;32.62;0;1203
0;0;0;0;0;0;0;9;0;0;2;32.62;0;1203
0;0;0;0;0;0;0;9;0;0;2;32.72;0;1207
0;0;0;0;0;0;0;9;1;0;2;32.92;0;1214
0;0;0;0;0;0;0;9;1;0;1;32.92;0;1215
0;0;0;0;0;0;0;9;1;0;2;33.02;0;1218
0;0;0;0;0;0;0;9;1;0;2;33.02;0;1218
0;1;0;0;1;0;0;11;0;0;1;31;1;1220
0;0;1;0;1;0;0;18;0;0;1;33;0;1228
1;0;0;0;0;1;0;4;0;0;1;30.6;1;1250
0;1;0;1;0;0;0;5;1;0;1;15.5;1;1250
0;1;0;0;0;1;0;9;1;0;1;18;0;1250
0;1;0;0;0;1;0;6;0;0;1;19;0;1250
0;1;0;0;0;1;0;6;0;1;1;23.3;0;1250
0;1;0;0;0;0;0;3;0;1;1;17.5;0;1250
0;1;0;0;0;0;1;2;0;1;2;48;0;1250
0;1;0;0;0;0;0;3;0;1;1;29.6;1;1250
0;1;0;0;1;0;0;3;0;0;1;24;0;1250
0;0;1;1;0;0;0;1;1;1;1;18.1;0;1250
0;0;0;0;0;0;0;5;0;0;1;40.5;1;1250
0;0;0;0;0;0;0;5;0;0;1;41;1;1250
0;0;0;0;0;0;1;1;1;1;2;49;0;1250
0;0;0;1;0;0;0;5;0;0;1;18;0;1250
0;0;0;0;1;0;0;5;0;0;1;41;1;1250
0;1;0;0;1;0;0;15;0;0;1;30.53;0;1271
0;0;0;0;0;0;0;9;0;0;2;32.59;0;1271
0;0;0;0;0;0;0;9;0;0;2;32.59;0;1271
0;0;0;0;0;0;0;9;0;0;2;32.59;0;1271
0;0;0;0;0;0;0;9;0;0;2;32.67;0;1274
0;0;0;0;0;0;0;9;0;0;2;32.67;0;1274
1;0;0;0;0;0;0;5;0;1;1;44;1;1280
1;0;0;0;1;0;0;16;0;0;1;34.97;1;1286
0;0;0;1;0;0;0;5;0;1;1;28;1;1290
1;0;0;0;0;1;0;5;0;1;1;32;0;1300
0;1;0;1;0;0;0;3;1;0;1;24.1;0;1300
0;1;0;0;1;0;0;14;0;0;1;31;0;1300
0;0;1;1;0;0;0;5;0;1;1;26;0;1300
0;0;1;1;0;0;0;2;0;1;1;24;0;1300
0;0;1;0;1;0;0;18;0;0;1;38.72;1;1300
0;0;0;0;0;0;0;5;0;1;1;28;0;1300
0;0;0;0;0;0;0;5;1;0;1;34;1;1300
0;0;0;0;1;0;0;9;0;0;2;33;1;1300
0;0;0;0;0;0;0;5;0;0;1;43;1;1300
0;0;0;0;0;1;0;5;0;0;1;18.4;0;1300
0;0;0;0;0;0;0;3;0;1;1;27;0;1320
1;0;0;1;0;0;0;2;1;0;2;44;0;1340
1;0;0;1;0;0;0;3;0;1;1;37.43;1;1350
1;0;0;0;0;1;0;5;0;0;1;30;1;1350
1;0;0;0;0;1;0;9;0;0;1;19.3;1;1350
0;1;0;0;1;0;0;4;1;0;1;36.73;0;1350
0;1;0;1;0;0;0;3;0;1;1;24;0;1350
0;0;1;0;0;0;1;2;1;0;1;31;0;1350
0;0;1;1;0;0;0;4;0;0;1;16.7;0;1350
0;0;1;1;0;0;0;2;1;0;1;32.3;0;1350
0;0;0;1;0;0;0;5;0;0;1;44.4;1;1350
0;0;0;1;0;0;0;5;0;0;1;19;0;1350
0;0;0;1;0;0;0;5;0;1;1;46;1;1350
0;0;0;0;0;0;0;5;0;0;1;28;1;1350
0;0;0;1;0;0;0;5;0;0;1;41;1;1350
0;0;0;0;1;0;0;9;1;0;1;34.3;1;1361
1;0;0;0;1;0;0;16;0;0;1;34.7;1;1365
1;0;0;1;0;0;0;4;0;0;1;31;0;1370
0;0;0;0;1;0;0;5;0;0;1;37.19;1;1373
1;0;0;0;1;0;0;16;0;0;1;35;1;1375
1;0;0;1;0;0;0;5;1;0;1;30;0;1375
0;0;0;0;1;0;0;5;0;1;1;30;0;1380
0;0;0;0;0;0;0;5;0;0;1;28;1;1380
1;0;0;0;0;1;0;5;0;1;1;30;1;1390
1;0;0;1;0;0;0;2;1;0;2;42;0;1400
1;0;0;0;0;1;0;5;0;0;1;32;1;1400
1;0;0;0;0;1;0;5;0;1;1;30.8;1;1400
1;0;0;1;0;0;0;5;0;0;1;30;1;1400
0;1;0;0;0;0;1;2;1;0;3;45.9;0;1400
0;1;0;0;1;0;0;3;1;0;1;21;0;1400
0;1;0;0;0;1;0;6;0;0;1;23;1;1400
0;0;1;0;1;0;0;3;1;0;1;27;0;1400
0;0;1;0;1;0;0;18;0;0;1;42.21;1;1400
0;0;1;0;1;0;0;3;0;0;1;32;1;1400
0;0;0;1;0;0;0;5;0;0;1;44;1;1400
0;0;0;1;0;0;0;4;0;1;1;22;0;1400
0;0;0;0;1;0;0;5;0;0;1;28;1;1400
0;0;0;0;1;0;0;5;0;0;1;44;1;1400
0;0;0;1;0;0;0;5;0;1;1;23;0;1400
0;0;0;0;0;0;0;5;1;0;1;28;1;1400
0;0;0;1;0;0;0;5;1;0;1;34.2;0;1400
0;0;0;0;0;0;0;5;0;0;1;44.38;0;1410
0;0;0;0;0;0;0;5;1;0;1;43.1;1;1420
1;0;0;0;1;0;0;9;1;0;1;30;0;1430
1;0;0;1;0;0;0;5;0;1;1;30;1;1430
0;1;0;1;0;0;0;3;1;0;1;24;0;1430
0;0;0;0;0;0;0;9;0;0;1;38.76;0;1430
0;0;0;0;1;0;0;9;0;0;1;37.77;1;1430
0;0;0;0;0;0;0;9;0;0;2;38.86;0;1433
0;0;0;0;0;0;0;9;0;0;2;38.86;0;1433
0;0;0;0;0;0;0;9;0;0;2;38.96;0;1437
0;0;0;0;0;0;0;9;0;0;2;38.96;0;1437
0;1;0;1;0;0;0;3;1;0;1;24;0;1440
0;0;1;0;1;0;0;3;0;1;1;33.3;1;1440
0;0;0;0;1;0;0;5;0;0;1;44;1;1440
0;0;1;0;1;0;0;18;0;0;1;39;0;1444
0;0;0;0;0;0;0;9;1;0;1;39.16;0;1445
0;0;0;0;0;0;0;9;1;0;2;38.96;0;1448
0;0;0;0;0;0;0;9;1;0;2;39.26;0;1448
1;0;0;1;0;0;0;5;0;0;1;37.1;0;1450
1;0;0;1;0;0;0;3;0;0;1;40.26;1;1450
1;0;0;0;0;0;1;2;0;1;2;49;0;1450
1;0;0;0;0;1;0;5;1;0;1;30;0;1450
1;0;0;0;0;1;0;5;0;0;2;49;1;1450
1;0;0;1;0;0;0;5;0;1;1;34;1;1450
1;0;0;0;0;1;0;9;0;0;2;40;0;1450
1;0;0;0;0;1;0;9;0;1;1;19.6;1;1450
1;0;0;0;0;1;0;5;1;0;1;31;0;1450
1;0;0;0;0;1;0;5;0;0;1;31.1;1;1450
0;1;0;0;0;1;0;10;0;0;1;20;1;1450
0;0;1;0;0;0;0;3;0;0;1;32;1;1450
0;0;1;0;1;0;0;18;0;0;1;39.29;1;1450
0;0;0;0;0;0;0;5;0;0;1;44;0;1450
0;0;0;1;0;0;0;5;0;0;1;43;1;1450
0;0;0;1;0;0;0;5;1;0;1;47;1;1450
0;0;0;0;0;0;0;5;0;1;1;51;1;1450
0;0;0;0;1;0;0;5;0;0;1;43;1;1450
0;0;0;1;0;0;0;5;0;0;1;28;1;1450
0;0;0;0;1;0;0;16;0;0;1;39;1;1450
0;0;0;0;1;0;0;9;0;0;1;35.8;0;1455
0;0;0;0;1;0;0;9;0;0;1;35.8;0;1455
1;0;0;0;1;0;0;9;1;0;1;41.3;1;1460
0;1;0;0;0;0;0;5;0;0;1;20;0;1460
1;0;0;0;0;1;0;5;1;0;1;35;1;1470
1;0;0;0;0;1;0;5;0;0;1;31.6;1;1470
0;0;0;1;0;0;0;5;0;1;1;41;1;1470
0;0;0;1;0;0;0;5;1;0;1;44.9;1;1470
1;0;0;0;0;1;0;5;0;1;1;30;0;1480
1;0;0;0;1;0;0;9;0;0;1;45;1;1485
0;0;0;0;0;0;0;9;0;0;2;38.82;0;1495
1;0;0;0;1;0;0;9;1;0;1;32;0;1500
1;0;0;1;0;0;0;5;0;0;1;30.8;0;1500
1;0;0;1;0;0;0;3;0;1;1;37;1;1500
1;0;0;0;0;1;0;5;1;0;1;31;0;1500
1;0;0;0;0;1;0;5;0;0;1;31;1;1500
1;0;0;0;0;1;0;5;1;0;1;36;0;1500
1;0;0;0;1;0;0;17;0;0;1;37;1;1500
0;1;0;1;0;0;0;5;0;1;1;19;0;1500
0;1;0;0;0;1;0;6;1;0;1;26;0;1500
0;0;1;1;0;0;0;4;0;0;1;26;0;1500
0;0;1;1;0;0;0;4;0;0;1;20;0;1500
0;0;1;1;0;0;0;5;1;0;1;35;0;1500
0;0;1;0;0;0;1;2;0;1;1;26;0;1500
0;0;1;0;0;0;1;2;1;0;3;54;0;1500
0;0;0;0;1;0;0;9;1;0;1;30;0;1500
0;0;0;0;1;0;0;5;0;1;1;46.73;1;1500
0;0;0;1;0;0;0;5;0;1;1;46;1;1500
0;0;0;0;0;0;0;5;0;0;2;38.97;0;1500
0;0;0;0;0;0;0;5;0;0;2;43;0;1500
0;0;0;0;0;1;0;9;1;0;1;20;0;1500
0;0;1;0;1;0;0;17;1;0;1;32.45;0;1525
1;0;0;0;0;1;0;9;0;0;1;43;0;1530
0;0;0;0;0;0;0;5;0;0;1;49;1;1530
0;0;0;0;0;0;0;5;0;1;1;32.8;1;1535
1;0;0;0;0;1;0;5;1;0;1;36;0;1540
1;0;0;0;1;0;0;3;1;0;1;40.8;1;1540
0;0;0;0;0;0;0;5;0;0;1;44;0;1549
1;0;0;1;0;0;0;5;1;0;1;36;0;1550
1;0;0;0;0;1;0;5;1;0;1;36;1;1550
1;0;0;1;0;0;0;4;0;0;1;30.9;0;1550
1;0;0;1;0;0;0;5;1;0;1;40;0;1550
1;0;0;0;0;1;0;5;1;0;2;28.1;1;1550
1;0;0;1;0;0;0;5;0;0;1;30;0;1550
1;0;0;0;0;1;0;5;1;0;1;35;0;1550
1;0;0;1;0;0;0;3;1;0;1;40;1;1550
1;0;0;1;0;0;0;5;1;0;1;42;0;1550
0;1;0;0;0;0;1;2;0;1;3;61;0;1550
0;1;0;0;0;1;0;9;0;0;1;20;1;1550
0;1;0;0;1;0;0;9;0;0;1;18.9;1;1550
0;1;0;1;0;0;0;4;0;0;2;38.4;0;1550
0;0;1;1;0;0;0;2;0;1;2;55;0;1550
0;0;1;0;0;0;1;1;1;1;1;40;0;1550
0;0;1;1;0;0;0;1;1;1;1;23.6;0;1550
0;0;1;1;0;0;0;4;0;0;1;22.6;0;1550
0;0;0;1;0;0;0;5;0;0;1;49;1;1550
0;0;0;0;0;1;0;5;1;0;2;34.7;0;1550
0;0;0;1;0;0;0;6;1;0;2;39;0;1550
0;0;0;0;0;1;0;5;0;1;1;30;1;1550
0;0;0;1;0;0;0;5;0;0;1;40;1;1550
0;0;0;1;0;0;0;5;0;0;1;46.4;0;1550
0;0;0;0;0;1;0;5;0;0;1;30;0;1550
0;0;0;1;0;0;0;5;0;0;1;43;1;1555
0;0;0;0;1;0;0;16;0;0;1;38.5;1;1556
1;0;0;0;1;0;0;9;0;0;1;31;1;1560
1;0;0;1;0;0;0;5;0;0;1;36.5;0;1570
0;0;0;0;0;0;0;3;0;1;2;35.9;1;1570
0;0;0;0;1;0;0;5;0;0;1;46;1;1570
1;0;0;0;0;1;0;5;1;0;1;28.1;1;1580
1;0;0;0;1;0;0;3;0;0;1;36;1;1580
0;0;0;0;0;1;0;5;0;0;1;30;0;1580
1;0;0;0;1;0;0;3;0;1;1;36;1;1590
0;1;0;1;0;0;0;4;0;0;1;31.1;0;1590
0;0;0;0;0;0;0;5;0;1;1;35.9;0;1590
0;0;0;0;0;1;0;5;1;0;1;35;0;1590
0;0;0;0;1;0;0;14;0;0;1;32.74;1;1590
0;0;0;0;0;1;0;5;0;0;1;31;0;1590
0;0;0;0;0;0;0;5;0;0;1;44.67;1;1590
0;0;0;0;1;0;0;5;0;0;2;43;0;1590
0;0;1;0;0;1;0;2;0;1;2;42;0;1595
0;0;1;0;0;1;0;5;0;0;1;33.9;1;1598
1;0;0;1;0;0;0;5;0;0;2;44.7;0;1600
1;0;0;1;0;0;0;5;0;0;2;40;0;1600
1;0;0;0;0;1;0;5;0;0;1;34;1;1600
1;0;0;0;0;1;0;5;0;0;1;31;1;1600
1;0;0;0;0;1;0;5;0;0;1;30.5;1;1600
1;0;0;0;0;1;0;9;0;0;1;31;1;1600
1;0;0;0;0;1;0;5;0;0;1;32;0;1600
1;0;0;1;0;0;0;5;1;0;1;34;1;1600
1;0;0;0;0;1;0;4;0;1;1;31;1;1600
1;0;0;0;0;1;0;5;0;1;1;31.5;1;1600
1;0;0;0;0;1;0;4;0;0;1;31;1;1600
1;0;0;0;0;1;0;5;0;0;1;32;0;1600
0;1;0;1;0;0;0;5;0;0;1;26;1;1600
0;1;0;1;0;0;0;4;0;0;1;32;0;1600
0;0;1;1;0;0;0;5;0;0;2;46;0;1600
0;0;0;0;0;1;0;9;0;0;1;24;1;1600
0;0;0;0;0;0;0;5;0;0;1;48;1;1600
0;0;0;0;1;0;0;6;1;0;1;22.6;0;1600
0;0;0;0;0;0;0;5;0;0;1;48;1;1600
0;0;0;1;0;0;0;4;0;1;2;39;0;1600
0;0;0;0;0;1;0;9;0;0;1;30;1;1600
0;0;0;0;0;1;0;5;1;0;1;30.3;0;1600
0;0;0;1;0;0;0;4;0;0;1;32;1;1600
0;0;0;0;0;1;0;5;0;0;1;31;0;1600
0;0;0;0;0;1;0;5;0;0;1;32;0;1600
1;0;0;0;1;0;0;16;0;0;2;41.25;1;1610
0;0;0;1;0;0;0;5;0;1;1;36;1;1610
0;0;0;0;1;0;0;9;0;0;1;32.87;1;1612
0;1;0;0;1;0;0;2;1;0;2;40.1;0;1618
1;0;0;1;0;0;0;3;1;0;1;34;1;1620
0;1;0;1;0;0;0;4;0;0;1;31.1;0;1620
0;1;0;1;0;0;0;4;0;0;1;31;0;1620
0;0;1;0;1;0;0;3;0;0;1;37;1;1620
0;0;1;0;1;0;0;3;0;0;1;37.2;1;1620
0;0;0;0;0;1;0;5;0;1;1;37;1;1620
0;0;0;0;0;1;0;4;0;0;1;29.5;0;1620
1;0;0;1;0;0;0;2;1;0;2;43.1;0;1630
1;0;0;1;0;0;0;9;0;0;1;44;1;1630
1;0;0;1;0;0;0;9;0;0;1;45;1;1630
0;0;0;0;1;0;0;5;0;0;1;31;1;1630
0;0;0;1;0;0;0;5;0;0;1;44;1;1630
0;0;0;0;0;1;0;5;0;1;1;30;0;1630
0;0;0;0;0;1;0;5;0;0;1;30;0;1640
1;0;0;0;1;0;0;9;0;0;1;61;1;1650
1;0;0;0;1;0;0;9;0;0;1;35;1;1650
1;0;0;0;0;1;0;9;0;1;1;29.8;1;1650
1;0;0;0;0;0;0;2;1;0;1;30.5;0;1650
1;0;0;1;0;0;0;4;0;1;1;30;1;1650
1;0;0;1;0;0;0;5;0;0;1;31;0;1650
1;0;0;0;0;1;0;5;0;0;1;34;1;1650
1;0;0;0;1;0;0;9;0;0;1;44.4;1;1650
1;0;0;1;0;0;0;5;1;0;2;44.7;0;1650
1;0;0;0;1;0;0;17;0;1;1;40.6;1;1650
1;0;0;1;0;0;0;2;1;0;3;64.4;0;1650
1;0;0;0;0;1;0;5;0;1;1;31.6;1;1650
1;0;0;0;0;1;0;5;1;0;1;35;0;1650
0;0;1;0;0;0;1;2;0;1;2;40.4;0;1650
0;0;1;1;0;0;0;2;1;0;3;50;0;1650
0;0;0;0;1;0;0;5;1;0;1;36;1;1650
0;0;0;1;0;0;0;4;0;0;1;32;1;1650
0;0;0;1;0;0;0;4;0;0;1;32;1;1650
0;0;0;1;0;0;0;4;1;0;1;30;0;1650
0;0;0;0;1;0;0;9;0;0;1;36.6;1;1650
0;0;0;1;0;0;0;5;0;0;1;32;1;1650
0;0;0;0;0;0;1;2;0;1;2;39;0;1650
0;0;0;0;0;0;0;5;0;1;1;43;1;1650
0;0;0;0;0;0;0;5;1;0;1;43;1;1650
0;0;0;1;0;0;0;5;1;0;1;43.7;1;1650
0;0;0;0;0;1;0;5;0;1;1;30;0;1650
0;0;0;0;0;1;0;5;0;0;1;32;0;1650
0;0;1;0;1;0;0;17;0;0;1;34.58;1;1659
0;0;0;0;0;1;0;5;0;0;1;30.8;0;1670
0;0;1;0;1;0;0;19;0;0;1;36;1;1675
1;0;0;0;1;0;0;9;0;0;1;35;0;1680
0;1;0;0;1;0;0;11;0;0;1;39.29;1;1680
1;0;0;1;0;0;0;5;1;0;2;41;0;1690
1;0;0;1;0;0;0;4;0;1;1;31;0;1690
0;1;0;0;1;0;0;17;0;0;1;41;1;1690
0;1;0;0;0;1;0;5;1;0;2;30;1;1690
0;0;0;1;0;0;0;5;1;0;1;36.3;1;1690
0;0;0;0;0;0;0;5;0;0;1;33;1;1690
0;0;0;0;0;1;0;5;0;0;1;30;0;1690
0;0;1;0;1;0;0;17;0;0;1;34.54;0;1692
0;0;0;0;0;1;0;5;0;1;1;31;1;1695
1;0;0;0;1;0;0;3;0;0;1;40.4;1;1696
1;0;0;0;1;0;0;3;0;0;1;40.4;1;1696
1;0;0;1;0;0;0;5;0;1;1;35;1;1700
1;0;0;0;1;0;0;9;0;0;1;34;1;1700
1;0;0;1;0;0;0;5;0;0;1;35.1;1;1700
1;0;0;0;0;1;0;5;0;1;1;30;1;1700
1;0;0;0;0;1;0;5;0;0;1;31;1;1700
1;0;0;0;0;1;0;4;0;0;2;45;1;1700
1;0;0;0;0;1;0;5;0;0;1;32;0;1700
0;1;0;1;0;0;0;3;0;0;2;34;0;1700
0;1;0;0;1;0;0;14;0;0;1;30.7;1;1700
0;1;0;0;1;0;0;11;0;0;1;42;1;1700
0;1;0;1;0;0;0;6;0;1;1;36;0;1700
0;1;0;0;1;0;0;9;0;0;1;39.29;1;1700
0;1;0;0;0;1;0;5;0;0;1;32.2;0;1700
0;0;1;1;0;0;0;5;1;0;1;30;0;1700
0;0;0;1;0;0;0;4;0;0;1;31;0;1700
0;0;0;0;0;0;0;6;0;0;1;29.8;0;1700
0;0;0;0;1;0;0;15;0;0;1;31.9;1;1700
0;0;0;0;1;0;0;12;0;0;1;28;1;1700
0;0;0;0;0;1;0;9;0;0;2;37;1;1700
0;0;0;0;1;0;0;3;1;0;1;38.3;1;1700
0;0;0;0;1;0;0;5;1;0;2;48.12;0;1700
0;0;0;0;0;0;0;5;1;0;1;43;1;1700
0;0;0;0;1;0;0;9;0;0;1;33;0;1700
0;0;0;0;1;0;0;12;0;0;1;25;1;1700
0;0;0;1;0;0;0;13;0;0;1;31;1;1700
0;0;0;1;0;0;0;13;0;0;1;31;1;1700
1;0;0;0;1;0;0;18;0;0;1;42.36;0;1702
1;0;0;0;1;0;0;3;0;1;1;40.6;1;1708
1;0;0;0;1;0;0;3;0;0;1;40.8;1;1708
1;0;0;0;1;0;0;3;0;0;1;40.8;1;1708
1;0;0;1;0;0;0;3;0;1;1;40.8;1;1708
0;0;0;1;0;0;0;5;1;0;1;43;1;1710
1;0;0;0;1;0;0;3;0;0;1;40.9;1;1712
1;0;0;1;0;0;0;5;1;0;1;36;0;1720
0;0;0;0;0;0;0;6;0;0;1;31;1;1720
0;0;0;0;1;0;0;13;0;0;1;31;1;1720
1;0;0;0;0;1;0;4;0;0;1;30;0;1730
1;0;0;0;1;0;0;9;0;0;1;48.79;1;1732
1;0;0;0;1;0;0;13;0;0;1;36;1;1735
0;0;1;0;0;0;1;3;0;1;2;50.4;0;1740
1;0;0;1;0;0;0;5;1;0;1;55.7;0;1750
1;0;0;0;0;1;0;5;0;0;1;32.9;1;1750
1;0;0;0;0;1;0;5;0;0;1;33;1;1750
1;0;0;0;0;1;0;5;0;0;1;31;1;1750
1;0;0;0;0;1;0;5;0;0;1;36;0;1750
1;0;0;0;0;1;0;5;0;1;1;32;1;1750
1;0;0;1;0;0;0;5;0;0;2;42;1;1750
1;0;0;0;0;1;0;9;0;0;1;25;1;1750
1;0;0;0;0;1;0;5;0;0;2;42;1;1750
1;0;0;1;0;0;0;3;0;0;2;45;0;1750
1;0;0;1;0;0;0;3;1;0;2;37;0;1750
1;0;0;0;1;0;0;3;1;0;1;38;1;1750
1;0;0;0;0;1;0;4;0;0;1;31;1;1750
1;0;0;0;0;1;0;5;1;0;2;44.5;0;1750
1;0;0;1;0;0;0;5;0;0;2;45;0;1750
0;1;0;0;0;1;0;5;1;0;1;30;0;1750
0;1;0;1;0;0;0;3;0;0;1;24.9;0;1750
0;1;0;1;0;0;0;4;1;0;1;30;0;1750
0;1;0;0;0;1;0;4;0;1;1;30;1;1750
0;1;0;0;0;1;0;6;0;1;1;36;0;1750
0;0;1;0;1;0;0;17;0;0;1;44;0;1750
0;0;1;0;0;0;1;2;0;1;3;72;1;1750
0;0;0;0;0;1;0;5;1;0;1;30;0;1750
0;0;0;1;0;0;0;5;0;1;1;22.6;1;1750
0;0;0;1;0;0;0;5;0;1;1;40;1;1750
0;0;0;0;1;0;0;5;0;0;1;36.1;1;1750
0;0;0;0;1;0;0;5;0;0;1;44;0;1750
0;0;0;0;1;0;0;12;0;1;1;26;1;1750
0;0;0;0;1;0;0;16;0;0;1;38.4;1;1750
0;0;0;0;0;1;0;5;0;0;1;29;0;1750
0;1;0;0;1;0;0;15;0;0;1;42.53;0;1760
0;0;1;0;0;1;0;5;0;1;1;30.2;0;1760
0;0;0;0;1;0;0;4;0;0;2;39.2;1;1760
0;0;0;1;0;0;0;9;0;0;1;28;1;1765
0;1;0;0;1;0;0;10;0;0;1;39.3;0;1770
0;0;1;0;0;1;0;5;0;0;1;31;1;1770
0;0;0;0;0;1;0;5;0;0;1;30;0;1770
1;0;0;0;1;0;0;9;0;0;1;49;1;1773
1;0;0;0;1;0;0;9;0;0;1;48.58;1;1777
1;0;0;0;1;0;0;17;0;0;1;39;1;1780
0;1;0;1;0;0;0;4;1;0;1;30.3;0;1780
0;0;1;0;1;0;0;16;0;0;1;43.41;1;1780
0;0;0;0;0;1;0;5;0;0;1;30;1;1780
0;0;0;0;0;1;0;5;0;0;1;29.9;1;1780
0;0;0;1;0;0;0;4;1;0;1;33.2;0;1780
1;0;0;0;0;1;0;5;0;0;1;33;1;1790
0;1;0;0;1;0;0;9;0;0;1;34;1;1790
0;0;0;0;0;0;0;3;0;0;1;42;0;1790
1;0;0;1;0;0;0;4;0;0;2;42;0;1800
1;0;0;1;0;0;0;4;0;0;2;43;0;1800
1;0;0;1;0;0;0;5;0;0;1;30;1;1800
1;0;0;1;0;0;0;2;1;0;3;60.1;0;1800
1;0;0;0;1;0;0;17;0;0;1;33;1;1800
1;0;0;0;0;1;0;4;0;1;2;44.6;1;1800
1;0;0;1;0;0;0;4;0;1;1;36.4;1;1800
1;0;0;1;0;0;0;3;1;0;1;38;1;1800
1;0;0;0;1;0;0;3;0;0;1;38;1;1800
1;0;0;1;0;0;0;5;0;1;1;37;1;1800
1;0;0;0;1;0;0;9;0;1;1;34;1;1800
1;0;0;0;0;1;0;5;0;1;2;45;1;1800
1;0;0;0;0;1;0;5;1;0;2;45.2;0;1800
0;1;0;1;0;0;0;4;0;1;1;31;1;1800
0;1;0;1;0;0;0;4;0;1;2;40.5;0;1800
0;1;0;0;1;0;0;17;0;0;1;45;1;1800
0;1;0;1;0;0;0;4;0;1;1;31;1;1800
0;0;1;0;1;0;0;17;0;0;1;37;1;1800
0;0;1;0;1;0;0;17;0;0;1;44;0;1800
0;0;1;1;0;0;0;3;0;0;1;32.2;1;1800
0;0;1;0;0;1;0;5;0;0;1;30;1;1800
0;0;1;0;1;0;0;5;1;0;1;36.4;1;1800
0;0;1;0;1;0;0;17;0;0;1;45;1;1800
0;0;0;1;0;0;0;5;0;1;1;33;0;1800
0;0;0;1;0;0;0;5;1;0;1;33.2;1;1800
0;0;0;0;0;0;1;2;0;1;2;42;0;1800
0;0;0;0;0;1;0;5;1;0;1;30.3;0;1800
0;0;0;1;0;0;0;4;0;1;2;39;0;1800
0;0;0;0;0;1;0;9;0;1;2;30;1;1800
0;0;0;1;0;0;0;4;0;1;1;32.1;1;1800
0;0;0;0;0;1;0;5;0;0;1;31;0;1800
0;0;0;0;0;0;0;3;0;1;1;35;0;1800
0;0;0;1;0;0;0;9;0;0;1;28;1;1800
0;0;0;0;1;0;0;15;0;0;1;26;1;1800
0;0;0;0;0;1;0;5;0;0;1;30.2;0;1800
0;0;0;1;0;0;0;5;0;0;1;33;1;1800
1;0;0;1;0;0;0;9;0;0;1;51;1;1805
0;1;0;0;0;1;0;9;0;0;2;30.9;1;1810
1;0;0;1;0;0;0;5;1;0;1;35.2;0;1820
1;0;0;1;0;0;0;9;0;0;1;40;1;1820
0;1;0;0;0;1;0;5;0;0;1;30;1;1820
0;0;0;0;0;0;0;5;0;0;1;42;1;1820
0;0;0;0;1;0;0;9;0;1;1;34.97;1;1820
0;0;0;1;0;0;0;5;0;0;1;44;0;1820
0;0;0;0;1;0;0;5;0;0;1;43;1;1820
0;0;0;0;0;1;0;5;0;0;1;32;1;1820
1;0;0;0;1;0;0;9;0;0;1;50.3;1;1830
0;1;0;0;1;0;0;16;0;0;1;32;1;1830
0;0;0;0;0;0;0;3;0;1;1;36;1;1830
0;0;0;0;0;1;0;5;1;0;1;30;1;1830
0;0;0;1;0;0;0;4;0;1;1;30;1;1830
0;0;0;0;0;0;0;9;0;0;2;50.35;0;1832
1;0;0;0;1;0;0;9;0;0;2;50.3;0;1837
0;1;0;0;0;1;0;5;0;0;1;30;1;1840
0;0;0;0;0;0;0;5;0;0;1;35;1;1840
1;0;0;0;1;0;0;3;1;0;1;38;1;1845
0;0;0;0;0;0;0;9;0;0;3;50.75;0;1847
1;0;0;0;1;0;0;10;0;0;1;34;1;1850
1;0;0;1;0;0;0;3;0;0;1;37.43;1;1850
1;0;0;0;1;0;0;3;0;0;1;39.9;1;1850
1;0;0;0;0;1;0;5;0;1;2;43.3;1;1850
1;0;0;0;0;1;0;9;0;0;2;43;1;1850
1;0;0;0;1;0;0;12;0;0;1;41;1;1850
1;0;0;0;1;0;0;9;0;0;1;50.28;1;1850
1;0;0;1;0;0;0;9;0;1;1;40;0;1850
1;0;0;0;1;0;0;16;0;0;1;30;1;1850
1;0;0;0;0;1;0;5;1;0;2;41;1;1850
1;0;0;0;0;1;0;5;1;0;2;44;0;1850
0;1;0;0;0;1;0;5;0;1;1;31.6;1;1850
0;1;0;0;0;1;0;5;0;0;1;30;1;1850
0;1;0;0;0;1;0;5;0;0;1;30;1;1850
0;1;0;0;0;0;1;2;1;0;2;56;0;1850
0;1;0;1;0;0;0;5;0;0;1;31.2;1;1850
0;1;0;0;0;1;0;4;0;1;1;31;1;1850
0;1;0;0;0;1;0;5;0;0;1;32;1;1850
0;1;0;0;0;1;0;9;0;0;2;29;1;1850
0;1;0;1;0;0;0;5;1;0;1;30;0;1850
0;1;0;0;1;0;0;9;0;0;1;28;1;1850
0;1;0;0;0;1;0;5;0;0;1;31;1;1850
0;0;1;1;0;0;0;5;0;1;1;30;0;1850
0;0;1;0;0;1;0;5;0;0;1;30;1;1850
0;0;1;0;1;0;0;15;0;0;1;44;1;1850
0;0;1;0;0;0;1;1;1;1;2;44.8;0;1850
0;0;1;0;0;1;0;5;0;0;2;48;0;1850
0;0;0;0;0;1;0;4;0;1;1;30;0;1850
0;0;0;0;0;1;0;4;0;0;1;32;1;1850
0;0;0;0;1;0;0;16;0;0;1;39.55;1;1850
0;0;0;0;0;1;0;9;0;0;2;30;1;1850
0;0;0;0;0;1;0;5;0;0;1;31;0;1850
0;0;0;0;0;1;0;5;1;0;1;30;0;1850
0;0;0;0;0;1;0;5;0;0;1;30;0;1850
0;0;0;0;0;0;0;3;0;1;1;42;1;1850
0;0;0;1;0;0;0;3;0;1;1;34.4;1;1850
0;0;0;0;1;0;0;16;0;0;1;42;1;1850
0;0;0;0;0;1;0;5;1;0;2;47;1;1850
0;0;0;0;1;0;0;9;0;0;1;36;1;1850
0;0;0;0;1;0;0;13;0;0;1;39.11;0;1850
0;0;0;0;0;1;0;5;1;0;1;31;0;1850
0;0;0;0;0;0;0;9;1;0;3;50.95;0;1854
1;0;0;0;1;0;0;13;0;1;1;36;1;1860
1;0;0;1;0;0;0;6;0;1;1;38;0;1870
0;1;0;0;0;1;0;4;0;1;1;31;1;1870
0;1;0;0;0;0;0;3;0;0;1;25;1;1870
0;0;0;0;0;0;0;3;0;0;1;36;1;1870
0;0;0;0;1;0;0;3;0;0;1;37;0;1870
0;0;0;0;0;1;0;9;1;0;1;34.6;1;1870
0;0;0;0;1;0;0;9;0;1;1;20;0;1870
0;1;0;1;0;0;0;5;0;0;2;35.9;0;1875
0;1;0;0;0;1;0;5;0;0;1;31;1;1880
0;1;0;1;0;0;0;5;0;0;2;36.3;0;1880
0;0;0;1;0;0;0;4;0;1;2;32.5;0;1880
0;0;0;1;0;0;0;4;0;0;1;33;0;1880
0;0;0;1;0;0;0;4;0;0;1;30;0;1880
0;0;0;0;0;1;0;9;0;0;2;29.3;0;1880
0;0;0;0;0;1;0;9;0;0;2;29.3;1;1880
0;0;0;0;1;0;0;13;1;0;1;36;0;1880
0;0;1;0;1;0;0;17;0;0;1;34.2;1;1881
0;0;0;0;1;0;0;17;0;0;1;40;0;1884
1;0;0;0;0;1;0;5;0;1;1;42;0;1890
0;1;0;1;0;0;0;5;0;0;1;30;0;1890
0;0;0;0;0;0;0;3;1;0;1;42;0;1890
0;0;0;0;1;0;0;16;0;1;1;23.3;1;1890
0;0;0;0;1;0;0;9;0;0;1;48;1;1890
0;0;0;0;0;1;0;9;0;0;2;30;1;1890
0;0;0;0;1;0;0;9;0;1;1;36.6;1;1893
1;0;0;1;0;0;0;3;0;0;1;41;1;1899
0;0;1;0;1;0;0;17;0;0;1;34.54;1;1899
1;0;0;0;1;0;0;17;0;0;1;40;0;1900
1;0;0;1;0;0;0;3;0;1;2;42;1;1900
1;0;0;0;0;1;0;5;0;0;2;44;1;1900
1;0;0;1;0;0;0;5;0;1;2;42;1;1900
1;0;0;0;0;0;1;2;0;1;3;65;0;1900
1;0;0;1;0;0;0;4;0;0;2;42;0;1900
1;0;0;0;1;0;0;3;0;0;1;36;1;1900
1;0;0;0;1;0;0;17;0;0;1;44;0;1900
0;1;0;0;1;0;0;9;0;0;1;36.47;0;1900
0;1;0;0;1;0;0;14;0;0;1;43;0;1900
0;1;0;0;0;1;0;5;1;0;1;31;1;1900
0;0;1;0;0;1;0;4;0;0;1;30;0;1900
0;0;1;0;0;0;1;1;1;1;3;50.5;0;1900
0;0;1;1;0;0;0;5;0;0;1;30.2;0;1900
0;0;1;0;1;0;0;16;0;0;1;41;0;1900
0;0;0;0;1;0;0;9;0;0;1;47.48;0;1900
0;0;0;0;0;0;0;5;0;0;1;35;1;1900
0;0;0;1;0;0;0;5;0;1;1;37.5;1;1900
0;0;0;1;0;0;0;3;1;0;1;37;0;1900
0;0;0;1;0;0;0;5;0;1;2;42.7;1;1900
0;0;0;0;0;1;0;5;0;0;1;30;1;1900
0;0;0;0;1;0;0;16;0;0;1;24;1;1900
0;0;0;0;1;0;0;9;0;0;1;29;1;1900
0;0;0;1;0;0;0;9;0;0;1;47.5;1;1900
0;0;0;0;0;1;0;9;0;0;2;30.2;0;1900
0;0;0;0;1;0;0;9;0;0;1;20;1;1900
0;0;0;0;0;1;0;9;0;0;2;34;1;1900
0;0;0;1;0;0;0;5;0;1;1;36;1;1900
0;0;0;0;0;1;0;5;0;0;1;30.5;1;1900
0;0;0;0;0;1;0;5;1;0;1;31;0;1900
0;0;0;0;1;0;0;9;0;0;1;36;0;1910
0;1;0;0;0;1;0;5;1;0;1;31;0;1920
0;0;0;1;0;0;0;5;0;1;2;43.5;0;1920
0;0;0;0;1;0;0;12;0;0;1;30;1;1920
0;0;0;0;0;1;0;4;0;0;1;30.4;1;1920
0;0;1;0;1;0;0;17;1;0;1;40.9;1;1922
1;0;0;0;0;1;0;5;0;0;2;44.9;1;1930
1;0;0;1;0;0;0;5;0;0;2;45.1;0;1930
0;0;0;1;0;0;0;5;0;1;1;36;0;1930
0;1;0;0;1;0;0;16;0;0;1;36.5;0;1940
0;0;0;0;0;1;0;9;0;0;2;38;1;1940
0;0;0;0;1;0;0;17;0;0;1;42;1;1940
0;0;0;0;1;0;0;17;0;0;1;38;0;1940
0;1;0;0;1;0;0;9;0;0;1;39;1;1949
1;0;0;0;0;1;0;9;0;0;1;37;1;1950
1;0;0;0;0;1;0;5;1;0;2;44.4;0;1950
1;0;0;1;0;0;0;2;0;1;2;40.9;0;1950
1;0;0;1;0;0;0;4;0;0;2;44;1;1950
1;0;0;0;0;1;0;5;1;0;2;45.3;0;1950
1;0;0;0;1;0;0;13;0;0;1;38;1;1950
1;0;0;1;0;0;0;9;0;0;1;45;1;1950
0;1;0;1;0;0;0;5;0;0;1;31;0;1950
0;1;0;1;0;0;0;5;0;0;1;36;0;1950
0;1;0;0;0;1;0;9;0;0;2;30;0;1950
0;1;0;1;0;0;0;5;0;0;1;30.5;1;1950
0;1;0;1;0;0;0;9;0;0;1;36;1;1950
0;1;0;1;0;0;0;5;1;0;1;31;0;1950
0;1;0;0;0;1;0;4;0;0;1;31.9;1;1950
0;1;0;0;1;0;0;10;0;0;1;27;1;1950
0;1;0;0;1;0;0;7;0;0;1;29.3;1;1950
0;0;1;1;0;0;0;5;0;0;1;30.2;0;1950
0;0;1;1;0;0;0;5;0;0;2;50;1;1950
0;0;1;0;1;0;0;18;0;0;2;56.6;1;1950
0;0;1;0;1;0;0;17;0;0;1;27;1;1950
0;0;1;0;0;1;0;5;0;0;1;31;1;1950
0;0;1;0;0;1;0;5;0;0;1;31;1;1950
0;0;0;1;0;0;0;3;0;1;1;43;1;1950
0;0;0;1;0;0;0;5;0;0;1;31;0;1950
0;0;0;0;1;0;0;16;0;0;1;25.7;1;1950
0;0;0;0;1;0;0;9;1;0;1;35;0;1950
0;0;0;1;0;0;0;3;1;0;2;41;0;1950
0;0;0;1;0;0;0;3;1;0;2;41;0;1950
0;0;0;0;1;0;0;14;0;0;1;42;1;1950
0;0;0;0;1;0;0;13;0;0;1;30.2;0;1950
0;0;0;1;0;0;0;15;0;0;1;28;1;1950
0;0;0;0;1;0;0;15;0;0;1;31;1;1950
0;0;0;0;0;1;0;9;0;0;2;30;1;1950
0;0;0;1;0;0;0;5;1;0;2;47.7;0;1950
0;0;0;0;0;0;0;5;0;0;1;35.6;1;1950
0;0;0;0;0;0;0;6;0;0;1;34.9;0;1950
0;0;0;0;0;1;0;5;0;0;1;31;0;1950
0;0;0;1;0;0;0;6;0;0;1;35;1;1950
0;0;0;0;1;0;0;15;0;0;1;30.5;1;1950
0;0;0;0;0;1;0;5;0;1;2;44.7;1;1950
0;0;0;0;1;0;0;10;0;0;1;25.3;1;1950
0;1;0;0;1;0;0;15;0;0;1;38;1;1960
0;0;1;1;0;0;0;5;1;0;1;30;0;1960
0;1;0;0;1;0;0;10;0;1;1;31;0;1970
0;1;0;0;1;0;0;16;0;0;2;36.5;0;1970
0;0;1;0;0;1;0;5;0;0;1;31;1;1970
0;0;0;1;0;0;0;4;0;1;1;33;0;1970
0;0;0;1;0;0;0;5;0;1;2;40;1;1970
0;0;0;0;0;1;0;5;1;0;2;46.6;0;1970
0;0;0;0;1;0;0;12;0;0;1;25.3;1;1970
1;0;0;0;0;1;0;5;0;0;2;45;1;1980
0;1;0;1;0;0;0;5;0;0;1;30;0;1980
0;1;0;0;1;0;0;9;0;0;1;25.4;1;1980
0;1;0;0;1;0;0;16;0;0;1;37;1;1980
0;0;1;1;0;0;0;5;1;0;2;31;0;1980
0;0;1;0;1;0;0;17;0;0;1;30;1;1980
0;0;0;1;0;0;0;9;0;0;1;34;1;1980
1;0;0;0;0;0;1;2;0;1;4;73.5;0;1990
1;0;0;0;0;1;0;5;0;0;2;44.5;1;1990
1;0;0;0;0;1;0;9;1;0;2;47.6;1;1990
0;1;0;0;1;0;0;10;0;1;1;32;0;1990
0;1;0;1;0;0;0;5;0;0;1;32;0;1990
0;1;0;0;0;1;0;5;0;0;1;30;1;1990
0;0;1;1;0;0;0;4;0;0;2;41;1;1990
0;0;0;1;0;0;0;4;1;0;1;31;0;1990
0;0;1;1;0;0;0;5;0;1;1;30.9;0;1995
0;1;0;1;0;0;0;5;0;0;2;39.8;0;1999
0;0;0;1;0;0;0;4;0;0;1;32;0;1999
1;0;0;0;0;1;0;5;1;0;3;91;0;2000
1;0;0;0;1;0;0;9;0;0;1;35;1;2000
1;0;0;0;1;0;0;6;0;1;1;40;1;2000
1;0;0;0;0;1;0;5;0;0;1;31;1;2000
1;0;0;0;1;0;0;13;0;0;1;42.9;1;2000
1;0;0;1;0;0;0;13;0;0;1;40;1;2000
1;0;0;0;0;1;0;5;0;0;2;43.9;1;2000
1;0;0;0;0;1;0;5;1;0;2;44;0;2000
0;1;0;1;0;0;0;5;0;1;1;36;0;2000
0;1;0;0;1;0;0;16;1;0;1;30;0;2000
0;1;0;0;1;0;0;17;0;0;1;37.74;1;2000
0;1;0;0;0;1;0;4;0;1;1;30;1;2000
0;1;0;0;0;1;0;5;0;1;1;31;0;2000
0;1;0;0;0;1;0;5;0;0;1;31;1;2000
0;1;0;0;0;1;0;5;0;0;1;31;1;2000
0;1;0;0;0;1;0;5;0;0;1;31;1;2000
0;1;0;1;0;0;0;13;1;0;1;32;1;2000
0;1;0;0;0;1;0;5;1;0;1;31;0;2000
0;1;0;0;0;1;0;5;1;0;1;31;0;2000
0;1;0;0;0;1;0;9;0;0;1;19.4;1;2000
0;0;1;0;1;0;0;17;0;0;2;42;1;2000
0;0;1;0;0;1;0;5;0;0;1;31;1;2000
0;0;0;1;0;0;0;5;0;0;1;30;0;2000
0;0;0;0;0;0;0;2;0;1;1;36;1;2000
0;0;0;1;0;0;0;4;0;0;1;36;1;2000
0;0;0;1;0;0;0;4;0;1;2;36;1;2000
0;0;0;0;0;0;0;4;0;0;1;44;1;2000
0;0;0;0;0;0;0;4;0;1;1;42;1;2000
0;0;0;0;0;0;0;4;0;1;1;42;0;2000
0;0;0;0;0;0;0;3;1;0;2;43;1;2000
0;0;0;0;0;0;0;3;1;0;3;43;1;2000
0;0;0;0;1;0;0;3;1;0;1;41;0;2000
0;0;0;0;0;1;0;5;1;0;2;44;1;2000
0;0;0;0;0;1;0;5;0;0;1;30;1;2000
0;0;0;0;0;1;0;9;0;0;2;38;1;2000
0;0;0;0;0;1;0;5;0;0;3;60;1;2000
0;0;0;0;0;1;0;5;1;0;1;30;0;2000
0;1;0;1;0;0;0;3;1;0;3;53.8;0;2020
0;0;1;0;1;0;0;17;0;0;1;44.5;1;2020
0;0;0;0;0;0;0;5;0;1;2;59.2;1;2020
1;0;0;0;1;0;0;9;0;0;1;37;1;2030
0;1;0;0;1;0;0;10;0;1;1;41;1;2030
0;0;1;0;0;1;0;5;0;0;1;33;0;2030
0;1;0;0;1;0;0;16;0;0;2;34.5;0;2032
0;0;1;1;0;0;0;5;0;1;1;32;0;2040
1;0;0;0;0;1;0;5;0;1;2;47;1;2050
1;0;0;1;0;0;0;5;1;0;3;58;0;2050
1;0;0;0;0;1;0;5;1;0;2;43.2;0;2050
1;0;0;0;1;0;0;17;1;0;2;49.44;0;2050
0;1;0;0;1;0;0;17;0;0;1;30;0;2050
0;1;0;1;0;0;0;5;0;1;1;36;0;2050
0;1;0;1;0;0;0;3;0;0;2;45;0;2050
0;1;0;0;1;0;0;9;0;0;1;22;1;2050
0;1;0;0;1;0;0;14;0;0;1;46;0;2050
0;1;0;0;0;1;0;5;0;0;1;31;1;2050
0;1;0;1;0;0;0;4;0;1;1;33;1;2050
0;1;0;0;0;1;0;5;0;0;1;31;1;2050
0;1;0;0;0;1;0;5;0;1;1;30.6;1;2050
0;1;0;0;0;1;0;9;1;0;1;36;1;2050
0;1;0;1;0;0;0;7;0;0;1;33;0;2050
0;1;0;0;1;0;0;16;0;0;1;35;1;2050
0;1;0;1;0;0;0;3;0;0;2;44.1;0;2050
0;1;0;1;0;0;0;3;0;0;2;45;0;2050
0;0;1;0;1;0;0;10;0;1;1;41;1;2050
0;0;1;1;0;0;0;5;0;1;1;30;1;2050
0;0;1;0;1;0;0;9;0;0;1;39;1;2050
0;0;1;0;0;0;1;2;1;0;2;40.8;0;2050
0;0;1;1;0;0;0;5;1;0;2;43;0;2050
0;0;0;1;0;0;0;5;0;1;2;41;0;2050
0;0;0;1;0;0;0;5;0;1;1;30;0;2050
0;0;0;0;0;1;0;4;0;0;1;31.7;1;2050
0;0;0;0;1;0;0;5;0;0;2;58.7;1;2050
0;0;0;0;0;1;0;5;0;1;2;43.7;0;2050
0;0;0;1;0;0;0;5;0;0;1;35.2;0;2050
0;0;0;0;0;1;0;5;0;0;3;60;1;2050
0;0;0;0;0;1;0;9;1;0;2;33.7;1;2050
0;0;0;0;0;1;0;5;1;0;2;43;0;2050
0;0;0;0;1;0;0;9;0;0;1;37;1;2050
0;0;0;0;1;0;0;4;0;1;1;36;1;2050
0;0;0;0;0;0;0;4;0;0;1;30.4;1;2050
0;0;0;0;1;0;0;13;0;0;1;31.7;1;2050
0;0;0;0;0;1;0;5;0;0;2;42;0;2050
0;0;0;0;0;1;0;5;0;0;3;60;0;2050
0;0;0;0;0;1;0;5;1;0;2;43.8;0;2050
1;0;0;0;0;1;0;5;1;0;2;41.7;0;2060
0;1;0;1;0;0;0;5;1;0;1;40;1;2060
0;1;0;0;0;1;0;9;0;0;2;34.4;1;2060
0;1;0;1;0;0;0;3;0;0;2;45;0;2070
0;0;0;0;0;1;0;5;0;0;3;60;1;2070
1;0;0;0;0;0;0;9;0;0;1;39;1;2080
0;1;0;0;0;1;0;5;1;0;2;45.1;0;2080
0;1;0;1;0;0;0;5;0;0;1;33;1;2090
0;1;0;0;0;1;0;9;0;1;1;29.1;1;2090
0;1;0;0;1;0;0;16;0;0;1;31;0;2090
0;1;0;0;1;0;0;15;0;0;1;39;1;2099
1;0;0;1;0;0;0;5;0;0;2;42;0;2100
1;0;0;1;0;0;0;16;0;0;1;41;1;2100
1;0;0;0;0;1;0;5;0;1;2;44.9;1;2100
1;0;0;1;0;0;0;3;1;0;2;57;0;2100
1;0;0;0;0;1;0;5;1;0;2;45.1;0;2100
1;0;0;1;0;0;0;5;0;0;2;40;0;2100
1;0;0;1;0;0;0;5;0;1;1;33.5;1;2100
1;0;0;1;0;0;0;4;0;0;4;67;0;2100
1;0;0;0;0;1;0;9;0;0;2;42;1;2100
1;0;0;0;0;1;0;5;0;1;2;45.4;1;2100
0;1;0;1;0;0;0;7;0;0;1;33;0;2100
0;1;0;0;0;1;0;9;1;0;1;38;0;2100
0;1;0;1;0;0;0;4;0;0;1;31;0;2100
0;1;0;0;1;0;0;15;1;0;1;29;1;2100
0;0;1;0;0;1;0;9;0;0;1;30;1;2100
0;0;1;1;0;0;0;5;0;0;1;40;0;2100
0;0;0;0;1;0;0;10;1;0;1;43.1;1;2100
0;0;0;0;0;1;0;5;0;0;2;41;1;2100
0;0;0;0;0;1;0;5;0;1;1;31;1;2100
0;0;0;0;1;0;0;18;0;0;1;38;1;2100
0;0;0;0;1;0;0;4;0;0;1;60;0;2100
0;0;0;1;0;0;0;5;0;1;2;42;1;2100
0;0;0;0;0;1;0;5;0;0;2;43.4;0;2100
0;0;0;0;0;1;0;5;1;0;2;45;0;2100
0;0;0;1;0;0;0;5;0;0;1;47;1;2100
0;0;0;0;1;0;0;6;0;0;2;48.2;1;2100
0;0;0;0;0;0;0;5;0;1;1;46.6;1;2100
0;0;0;0;1;0;0;3;0;1;2;48;0;2100
0;0;0;0;1;0;0;13;0;0;1;39;1;2100
0;0;0;0;0;1;0;5;1;0;2;44.7;0;2100
0;0;0;0;0;1;0;5;1;0;2;46.2;0;2100
0;0;0;0;0;1;0;5;1;0;2;43.8;0;2100
0;0;0;0;0;1;0;5;0;0;2;44;1;2100
0;1;0;1;0;0;0;9;0;0;1;42.1;1;2105
0;1;0;1;0;0;0;5;1;0;1;35;1;2130
0;0;1;1;0;0;0;5;0;0;2;43;1;2130
0;0;0;0;1;0;0;13;0;0;1;47;1;2130
0;1;0;0;0;0;0;15;0;0;2;34.5;0;2142
0;0;0;0;1;0;0;5;0;0;2;57.91;1;2147
1;0;0;1;0;0;0;3;0;0;1;41;1;2150
1;0;0;0;0;1;0;5;0;0;2;42;1;2150
1;0;0;0;1;0;0;5;1;0;2;43.2;0;2150
1;0;0;0;0;1;0;5;1;0;2;44;0;2150
1;0;0;0;0;1;0;5;0;1;2;44;1;2150
1;0;0;0;0;1;0;5;0;1;2;45.5;1;2150
1;0;0;0;0;1;0;5;0;0;2;44;1;2150
1;0;0;0;0;1;0;5;1;0;2;44.4;0;2150
1;0;0;1;0;0;0;5;0;1;2;48;1;2150
1;0;0;0;0;1;0;5;0;0;2;45.6;1;2150
1;0;0;0;0;1;0;5;0;0;2;45;1;2150
1;0;0;1;0;0;0;9;0;0;2;48;1;2150
0;1;0;1;0;0;0;4;0;0;1;26.7;1;2150
0;1;0;0;0;1;0;5;0;0;1;30;1;2150
0;1;0;0;1;0;0;9;0;1;1;30;0;2150
0;1;0;1;0;0;0;9;0;1;1;30;1;2150
0;1;0;1;0;0;0;5;0;1;1;34;0;2150
0;1;0;1;0;0;0;4;0;0;1;30.2;0;2150
0;1;0;1;0;0;0;5;0;0;1;32;1;2150
0;1;0;1;0;0;0;5;0;0;1;32;0;2150
0;1;0;1;0;0;0;5;1;0;2;42;0;2150
0;1;0;0;0;1;0;5;1;0;1;31;0;2150
0;1;0;0;0;1;0;9;0;1;2;30;0;2150
0;1;0;1;0;0;0;4;0;0;1;33;0;2150
0;0;1;0;1;0;0;17;0;0;1;27;1;2150
0;0;1;0;0;0;0;10;1;0;1;37.1;0;2150
0;0;1;0;1;0;0;10;0;0;1;41;1;2150
0;0;1;0;1;0;0;3;0;0;2;40.6;1;2150
0;0;1;1;0;0;0;17;0;0;1;43;1;2150
0;0;1;1;0;0;0;10;0;1;1;34;1;2150
0;0;0;1;0;0;0;4;0;0;2;43;0;2150
0;0;0;1;0;0;0;11;1;0;1;39;0;2150
0;0;0;0;0;1;0;5;0;0;1;33.7;1;2150
0;0;0;0;0;1;0;5;0;0;2;43;1;2150
0;0;0;1;0;0;0;9;0;0;1;37;1;2150
0;0;0;0;0;1;0;5;0;0;2;47;1;2150
0;0;0;0;0;1;0;4;0;1;2;37.2;0;2150
0;0;0;0;1;0;0;9;1;0;1;40.5;0;2150
0;0;0;0;0;1;0;5;0;0;2;44;1;2150
0;0;0;0;0;0;0;4;0;1;1;40;1;2150
0;0;0;0;0;0;0;3;0;1;1;37;1;2150
0;0;0;0;1;0;0;5;0;0;2;48;1;2150
0;0;0;0;0;0;0;5;1;0;2;58.7;1;2150
0;0;0;0;0;1;0;5;0;1;2;41.6;1;2150
1;0;0;0;1;0;0;6;0;0;1;40;1;2163
0;1;0;0;1;0;0;9;0;0;1;30;0;2170
0;0;0;0;0;1;0;5;1;0;2;48;0;2170
0;0;0;1;0;0;0;4;0;0;2;42.7;0;2170
0;0;0;0;0;1;0;4;1;0;2;40.5;0;2170
0;0;0;0;1;0;0;11;0;0;2;57.3;0;2177
1;0;0;1;0;0;0;5;0;0;2;54.1;1;2180
0;0;1;1;0;0;0;4;0;1;1;31;0;2180
0;0;0;0;0;1;0;4;0;0;2;45;0;2180
0;0;0;0;0;0;0;5;0;1;1;50.52;1;2180
0;0;0;0;0;1;0;9;0;0;2;30;1;2180
0;0;0;0;0;1;0;5;0;0;1;36;1;2180
0;1;0;1;0;0;0;5;0;1;3;42;0;2190
0;0;1;0;1;0;0;17;0;0;1;39.5;1;2190
0;0;1;0;1;0;0;17;0;0;1;39.82;1;2190
0;0;0;0;1;0;0;9;0;0;1;36;1;2190
0;0;0;0;1;0;0;16;0;0;1;46.6;0;2190
0;0;0;1;0;0;0;5;1;0;3;49.8;0;2190
0;0;0;0;1;0;0;13;0;0;1;41.23;0;2195
1;0;0;0;1;0;0;7;0;0;1;48;1;2199
0;1;0;1;0;0;0;9;0;0;1;47.8;1;2199
0;0;0;0;0;1;0;5;1;0;2;44;0;2199
1;0;0;1;0;0;0;4;0;0;2;42;0;2200
1;0;0;0;1;0;0;15;0;0;1;42;1;2200
1;0;0;0;0;1;0;5;1;0;3;48;1;2200
1;0;0;0;0;1;0;5;1;0;3;68.7;0;2200
1;0;0;0;1;0;0;10;0;0;1;36;0;2200
1;0;0;0;1;0;0;10;0;0;1;36;1;2200
1;0;0;0;1;0;0;9;0;0;1;40;1;2200
1;0;0;0;0;1;0;5;0;1;2;44;1;2200
1;0;0;0;0;1;0;5;1;0;2;45;0;2200
1;0;0;0;0;1;0;5;0;1;2;44;1;2200
1;0;0;0;0;0;1;2;0;1;3;64;0;2200
1;0;0;0;0;1;0;5;0;0;2;46;1;2200
1;0;0;0;0;1;0;5;0;0;2;42;1;2200
1;0;0;0;0;1;0;5;0;0;2;45;1;2200
1;0;0;0;0;1;0;5;1;0;3;56;0;2200
1;0;0;1;0;0;0;2;1;0;3;63.1;0;2200
1;0;0;0;0;1;0;5;0;0;3;51;1;2200
0;1;0;0;0;1;0;5;0;0;1;31;0;2200
0;1;0;0;1;0;0;5;0;0;1;30;0;2200
0;1;0;1;0;0;0;5;1;0;1;33.9;1;2200
0;1;0;0;0;1;0;5;1;0;2;42;0;2200
0;1;0;0;1;0;0;16;0;1;1;28.4;1;2200
0;1;0;0;1;0;0;9;0;0;1;30;1;2200
0;1;0;0;0;1;0;5;1;0;2;41;0;2200
0;1;0;0;1;0;0;18;0;0;1;28;1;2200
0;1;0;1;0;0;0;4;0;0;2;31.1;0;2200
0;1;0;1;0;0;0;4;0;1;2;31.4;0;2200
0;0;1;1;0;0;0;4;0;1;1;30.6;0;2200
0;0;1;1;0;0;0;4;0;1;2;42;0;2200
0;0;1;1;0;0;0;3;0;1;1;37;1;2200
0;0;1;1;0;0;0;5;0;0;1;32;1;2200
0;0;1;0;1;0;0;17;0;0;1;39.5;1;2200
0;0;1;1;0;0;0;5;0;0;1;39.2;1;2200
0;0;0;1;0;0;0;3;0;0;1;37.1;1;2200
0;0;0;1;0;0;0;4;1;0;1;40;1;2200
0;0;0;0;0;0;0;4;0;0;1;34;1;2200
0;0;0;0;0;0;0;5;0;0;1;43.5;1;2200
0;0;0;0;1;0;0;6;0;0;1;43;0;2200
0;0;0;1;0;0;0;5;0;0;1;31;0;2200
0;0;0;1;0;0;0;5;0;0;1;32;0;2200
0;0;0;0;1;0;0;9;1;0;1;32.5;1;2200
0;0;0;0;0;1;0;9;0;0;2;43;1;2200
0;0;0;1;0;0;0;5;0;0;2;47;1;2200
0;0;0;1;0;0;0;4;0;0;2;42.5;0;2200
0;0;0;0;0;0;0;5;0;1;1;46.6;1;2200
0;0;0;0;0;0;0;4;0;0;2;48;1;2200
0;0;0;1;0;0;0;9;0;0;1;37;1;2200
0;0;0;0;0;1;0;5;0;0;1;30;1;2200
0;0;0;0;0;1;0;5;0;0;2;41;1;2200
0;0;0;0;0;1;0;4;1;0;2;42.4;0;2200
0;0;0;1;0;0;0;4;0;1;2;43;1;2200
0;0;0;0;0;1;0;5;0;0;2;28.8;1;2200
0;0;0;1;0;0;0;4;1;0;1;35;1;2200
0;0;0;1;0;0;0;4;1;0;1;35;1;2200
0;0;0;0;1;0;0;9;0;0;2;57.34;1;2208
0;0;0;0;0;1;0;5;0;1;2;44;1;2210
1;0;0;0;1;0;0;9;0;0;1;33.4;1;2220
0;1;0;1;0;0;0;4;0;1;2;40.5;0;2220
0;1;0;1;0;0;0;9;0;0;1;47;1;2220
0;0;0;0;0;1;0;5;0;0;2;48;1;2220
0;0;0;0;1;0;0;14;0;0;1;47;1;2220
1;0;0;0;0;1;0;5;1;0;2;42;0;2230
0;1;0;1;0;0;0;16;0;0;1;30;1;2230
0;0;1;1;0;0;0;17;1;0;2;48;0;2230
0;0;0;0;0;0;0;4;0;1;2;52;1;2230
0;0;0;0;1;0;0;11;0;0;1;37.2;1;2230
0;0;0;1;0;0;0;9;0;0;1;31.7;0;2230
0;0;0;1;0;0;0;5;0;0;1;32;0;2235
1;0;0;1;0;0;0;5;0;0;2;43;1;2240
1;0;0;0;0;1;0;5;0;0;2;44;1;2240
1;0;0;0;0;0;0;5;0;0;1;42.9;1;2250
1;0;0;0;0;1;0;5;0;0;2;44;1;2250
1;0;0;0;0;1;0;4;0;1;2;44;1;2250
1;0;0;0;0;1;0;5;0;0;2;46;1;2250
1;0;0;1;0;0;0;4;1;0;2;60.6;0;2250
1;0;0;1;0;0;0;4;1;0;2;43;0;2250
1;0;0;0;0;1;0;5;0;0;2;44.6;1;2250
1;0;0;1;0;0;0;4;0;1;3;53;1;2250
1;0;0;0;0;1;0;5;1;0;2;42;0;2250
0;1;0;0;0;1;0;4;0;0;1;30;0;2250
0;1;0;1;0;0;0;5;0;0;2;43;0;2250
0;1;0;1;0;0;0;4;0;1;2;40.7;0;2250
0;1;0;0;0;1;0;5;0;1;2;42;1;2250
0;1;0;1;0;0;0;4;0;1;2;44;0;2250
0;1;0;1;0;0;0;2;1;0;2;46;0;2250
0;1;0;1;0;0;0;5;0;1;1;35.5;1;2250
0;1;0;0;1;0;0;16;0;0;1;44;1;2250
0;1;0;1;0;0;0;7;0;0;1;35;0;2250
0;0;1;1;0;0;0;4;1;0;2;30.4;0;2250
0;0;1;0;0;0;0;10;0;0;1;42;1;2250
0;0;1;1;0;0;0;10;0;0;1;40.3;1;2250
0;0;0;0;0;0;0;3;1;0;2;50;1;2250
0;0;0;0;0;0;0;5;0;0;1;35;0;2250
0;0;0;1;0;0;0;5;0;0;1;30;0;2250
0;0;0;1;0;0;0;15;0;0;1;33.3;1;2250
0;0;0;1;0;0;0;4;0;0;2;43;0;2250
0;0;0;0;0;1;0;9;0;0;2;37;1;2250
0;0;0;0;0;1;0;5;0;1;2;44;1;2250
0;0;0;0;1;0;0;9;0;0;2;57.34;1;2257
0;1;0;1;0;0;0;4;0;1;2;44;0;2260
0;0;0;0;1;0;0;6;0;0;1;37.6;1;2260
0;0;0;0;0;0;0;5;0;1;4;60.5;0;2262
0;1;0;0;1;0;0;15;0;0;2;43.6;1;2265
1;0;0;1;0;0;0;5;0;0;2;44;1;2270
0;1;0;0;0;1;0;5;0;1;2;41.1;1;2270
0;0;1;0;0;1;0;5;0;1;1;32;1;2270
0;0;1;1;0;0;0;5;1;0;3;63.1;0;2270
0;0;1;0;0;1;0;5;1;0;2;41.8;1;2270
0;0;1;1;0;0;0;5;0;0;1;36;1;2280
0;0;0;1;0;0;0;4;0;1;2;50;1;2280
0;0;0;1;0;0;0;5;0;0;1;37;1;2280
0;0;0;1;0;0;0;4;0;0;1;37;0;2280
0;0;0;0;0;1;0;5;0;1;2;45;1;2280
0;0;0;0;0;1;0;5;0;1;2;45.3;1;2280
0;0;0;1;0;0;0;4;0;1;1;36.2;1;2280
1;0;0;1;0;0;0;5;0;0;3;51;1;2290
1;0;0;0;0;1;0;9;0;0;2;48;1;2290
0;0;1;1;0;0;0;5;0;1;1;32.4;1;2290
0;0;1;0;0;0;0;10;0;0;1;44;1;2290
0;0;0;0;1;0;0;16;0;0;1;33;1;2290
0;1;0;0;1;0;0;16;0;0;2;45;0;2296
0;1;0;0;1;0;0;16;0;0;2;45;0;2296
0;1;0;0;1;0;0;16;0;0;2;45;0;2296
0;1;0;0;1;0;0;16;0;0;1;39.35;0;2297
0;1;0;0;0;1;0;5;0;0;2;41;1;2299
1;0;0;0;0;1;0;9;0;1;1;42;1;2300
1;0;0;1;0;0;0;5;1;0;2;40.8;0;2300
1;0;0;0;1;0;0;3;0;0;2;45;0;2300
1;0;0;0;0;1;0;5;0;0;2;44;1;2300
1;0;0;1;0;0;0;5;0;0;4;62;1;2300
0;1;0;0;1;0;0;10;0;0;1;37.1;1;2300
0;1;0;1;0;0;0;5;0;0;2;42.8;1;2300
0;1;0;1;0;0;0;5;1;0;1;40;0;2300
0;1;0;0;0;0;0;3;1;0;1;34;1;2300
0;1;0;0;0;0;0;3;1;0;1;34;1;2300
0;1;0;0;0;1;0;5;0;0;1;30.1;1;2300
0;1;0;1;0;0;0;16;0;0;1;31;1;2300
0;1;0;0;1;0;0;5;1;0;1;33;0;2300
0;1;0;0;0;1;0;5;1;0;1;33;0;2300
0;1;0;1;0;0;0;10;0;0;1;37.1;1;2300
0;1;0;0;1;0;0;9;0;0;1;39.5;1;2300
0;1;0;1;0;0;0;4;0;1;1;33;0;2300
0;1;0;0;1;0;0;10;0;0;1;42.1;1;2300
0;1;0;0;0;1;0;5;0;1;2;42;1;2300
0;1;0;0;0;1;0;5;0;1;2;42;1;2300
0;1;0;0;0;1;0;5;0;0;2;43;0;2300
0;1;0;0;0;1;0;5;0;0;2;44.8;1;2300
0;1;0;1;0;0;0;4;0;1;2;42;0;2300
0;1;0;0;0;0;0;9;0;1;1;36;1;2300
0;0;1;0;0;0;1;2;1;0;2;73.4;0;2300
0;0;1;0;1;0;0;9;0;0;1;44;1;2300
0;0;1;1;0;0;0;4;1;0;1;40;0;2300
0;0;1;0;0;1;0;5;0;0;2;42;1;2300
0;0;0;1;0;0;0;9;0;0;1;34.7;1;2300
0;0;0;1;0;0;0;5;0;1;1;38;1;2300
0;0;0;1;0;0;0;5;0;0;1;30;0;2300
0;0;0;1;0;0;0;5;0;1;2;43;0;2300
0;0;0;1;0;0;0;5;0;0;2;42.3;0;2300
0;0;0;0;1;0;0;9;0;0;1;37;1;2300
0;0;0;1;0;0;0;5;0;0;2;42.8;1;2300
0;0;0;1;0;0;0;4;0;0;2;44;0;2300
0;0;0;0;0;1;0;5;0;1;2;44;0;2300
0;0;0;1;0;0;0;4;0;1;2;39.7;0;2300
0;0;0;1;0;0;0;4;0;0;2;41;1;2300
0;0;0;0;0;1;0;5;0;1;2;45;1;2300
0;0;0;0;0;1;0;5;1;0;3;60;1;2300
0;0;0;0;0;1;0;5;1;0;2;46;0;2300
0;0;0;1;0;0;0;3;1;0;1;35;1;2300
0;0;0;1;0;0;0;5;0;0;2;45;1;2300
0;0;0;1;0;0;0;5;0;1;1;40;1;2300
0;0;0;0;0;1;0;5;0;0;2;44;1;2300
0;1;0;0;1;0;0;15;0;0;1;46;1;2310
0;1;0;0;1;0;0;15;0;0;2;46;1;2310
0;1;0;1;0;0;0;3;0;0;1;34;0;2320
0;1;0;0;0;0;0;16;0;0;2;36.83;0;2327
0;1;0;1;0;0;0;4;1;0;2;44.6;0;2330
0;1;0;0;0;1;0;5;0;0;2;45;0;2330
0;1;0;0;0;0;0;16;0;0;2;36.53;0;2330
0;0;1;0;0;1;0;5;0;1;2;48;1;2330
0;0;0;0;0;1;0;5;0;0;2;44;1;2330
0;1;0;0;0;0;0;16;1;0;2;37.33;0;2336
0;1;0;0;0;0;0;3;0;1;1;33.9;0;2340
0;0;1;1;0;0;0;2;1;0;2;52.1;0;2345
1;0;0;0;1;0;0;13;0;0;1;39;1;2350
1;0;0;0;0;1;0;4;0;0;2;43;1;2350
1;0;0;0;0;1;0;5;0;0;2;44;1;2350
1;0;0;1;0;0;0;9;0;0;1;34;1;2350
1;0;0;0;0;1;0;5;0;1;3;59;1;2350
0;1;0;0;1;0;0;10;0;0;1;34;0;2350
0;1;0;1;0;0;0;4;1;0;2;41.7;0;2350
0;1;0;1;0;0;0;4;1;0;2;44.1;0;2350
0;1;0;0;1;0;0;16;1;0;1;43.7;1;2350
0;1;0;1;0;0;0;4;1;0;2;42;0;2350
0;1;0;1;0;0;0;4;0;0;1;32;0;2350
0;1;0;1;0;0;0;11;0;0;1;32;0;2350
0;1;0;0;1;0;0;17;0;0;1;40.74;1;2350
0;1;0;0;0;1;0;5;0;0;2;40.4;0;2350
0;1;0;0;1;0;0;16;0;1;1;46;1;2350
0;1;0;1;0;0;0;4;0;0;2;43.4;0;2350
0;0;1;1;0;0;0;5;0;0;2;45;1;2350
0;0;1;0;0;1;0;5;0;0;2;44.6;1;2350
0;0;1;0;0;1;0;5;0;1;2;44;1;2350
0;0;0;1;0;0;0;5;0;0;1;37.6;1;2350
0;0;0;1;0;0;0;4;1;0;1;40;1;2350
0;0;0;0;1;0;0;9;0;0;1;32.7;1;2350
0;0;0;0;0;1;0;5;0;0;2;44;1;2350
0;0;0;0;0;1;0;5;0;0;2;43;1;2350
0;0;0;0;1;0;0;16;0;0;1;47;1;2350
0;0;0;0;0;1;0;9;0;0;2;42;1;2350
0;0;0;1;0;0;0;3;0;1;2;41.3;0;2350
0;0;0;1;0;0;0;5;0;0;1;35;1;2350
0;0;0;1;0;0;0;3;1;0;1;51;1;2350
0;0;0;1;0;0;0;5;0;0;1;33;1;2350
0;1;0;0;0;1;0;5;0;0;2;41;1;2360
0;0;1;0;1;0;0;10;0;0;1;47;0;2360
1;0;0;0;1;0;0;16;0;0;2;57.4;1;2370
0;1;0;0;0;1;0;5;0;0;1;35;1;2370
0;1;0;0;0;1;0;5;0;1;2;44;1;2370
0;1;0;1;0;0;0;5;0;0;2;43.6;0;2370
0;0;0;1;0;0;0;5;0;0;2;42.3;0;2370
0;0;0;0;1;0;0;11;0;0;1;40;0;2370
0;0;0;0;0;1;0;4;0;1;1;31;0;2370
0;1;0;0;1;0;0;18;1;0;1;45;0;2380
0;1;0;0;1;0;0;16;0;0;1;31;1;2380
0;0;1;1;0;0;0;5;0;1;2;41.1;1;2380
0;0;1;1;0;0;0;5;0;1;2;41;1;2380
0;0;0;1;0;0;0;4;0;1;2;40.8;1;2380
0;0;0;0;0;1;0;9;0;1;2;45.4;1;2380
0;0;1;0;1;0;0;17;0;0;1;43.3;1;2381
0;0;0;1;0;0;0;5;0;0;2;42;0;2390
0;0;0;0;1;0;0;16;0;0;1;46.57;1;2395
1;0;0;0;0;1;0;5;0;1;2;46.5;1;2400
1;0;0;0;0;1;0;5;0;0;3;59;1;2400
1;0;0;1;0;0;0;3;0;0;1;49;0;2400
1;0;0;0;1;0;0;9;0;0;2;71;1;2400
1;0;0;0;0;1;0;5;0;0;2;42;1;2400
1;0;0;1;0;0;0;5;1;0;2;51;1;2400
1;0;0;0;0;1;0;5;0;0;2;47.5;1;2400
1;0;0;0;1;0;0;16;1;0;2;57.6;0;2400
1;0;0;0;0;1;0;5;0;0;2;44;1;2400
1;0;0;0;0;1;0;5;1;0;3;49;0;2400
1;0;0;0;0;1;0;5;1;0;3;61.9;1;2400
1;0;0;0;0;1;0;5;0;0;2;46;1;2400
1;0;0;0;0;1;0;5;0;0;3;47;1;2400
1;0;0;0;1;0;0;5;0;0;3;56;1;2400
1;0;0;0;0;1;0;5;0;0;3;59;1;2400
0;1;0;1;0;0;0;4;0;1;2;42.4;0;2400
0;1;0;0;0;1;0;5;0;1;2;41;0;2400
0;1;0;0;0;1;0;5;1;0;2;44;1;2400
0;1;0;0;0;1;0;5;1;0;2;44.5;0;2400
0;1;0;0;0;1;0;5;0;0;2;45;1;2400
0;1;0;0;0;1;0;5;0;0;2;44;1;2400
0;1;0;1;0;0;0;5;0;0;1;37;1;2400
0;1;0;0;0;1;0;4;0;0;2;48;0;2400
0;1;0;1;0;0;0;5;0;0;1;33.9;1;2400
0;1;0;0;0;1;0;5;0;0;2;45;1;2400
0;0;1;1;0;0;0;5;0;1;2;41;1;2400
0;0;1;0;0;1;0;5;0;1;2;49;1;2400
0;0;1;1;0;0;0;5;0;1;2;45;0;2400
0;0;1;0;1;0;0;13;0;0;1;37;1;2400
0;0;0;0;1;0;0;7;0;0;1;44.2;0;2400
0;0;0;0;1;0;0;12;0;0;1;38;1;2400
0;0;0;1;0;0;0;9;0;0;1;45;1;2400
0;0;0;0;0;1;0;9;0;0;2;42.8;1;2400
0;0;0;1;0;0;0;3;0;0;1;36.3;0;2400
0;0;0;1;0;0;0;5;1;0;3;53;0;2400
0;0;0;0;0;1;0;5;1;0;2;45;1;2400
0;0;0;0;0;1;0;5;0;0;2;45.2;0;2400
0;0;0;0;0;1;0;5;1;0;2;48.8;1;2400
0;0;0;0;0;1;0;5;1;0;3;49;1;2400
0;0;0;0;1;0;0;16;0;0;3;60.31;1;2400
0;0;0;0;0;1;0;5;0;0;2;43;1;2400
0;0;0;0;1;0;0;17;0;0;1;35;1;2410
0;1;0;1;0;0;0;4;0;1;2;42.5;1;2420
0;1;0;0;1;0;0;19;0;0;1;43.65;1;2430
0;1;0;1;0;0;0;5;0;0;2;49;0;2430
0;1;0;0;1;0;0;16;0;0;1;44;1;2430
0;1;0;0;1;0;0;16;0;0;1;44;1;2430
0;0;1;1;0;0;0;9;0;0;1;36;1;2430
1;0;0;1;0;0;0;4;0;0;2;43.2;1;2450
1;0;0;1;0;0;0;9;0;0;1;47.5;1;2450
1;0;0;0;1;0;0;9;1;0;2;52;1;2450
1;0;0;1;0;0;0;4;0;0;4;66;1;2450
1;0;0;1;0;0;0;5;0;0;2;51;1;2450
1;0;0;0;0;1;0;5;1;0;4;60;0;2450
1;0;0;0;0;1;0;5;0;1;2;44.4;1;2450
1;0;0;0;0;1;0;5;0;0;2;43;1;2450
1;0;0;1;0;0;0;4;0;0;3;55;1;2450
0;1;0;1;0;0;0;5;0;0;2;42;0;2450
0;1;0;0;0;1;0;5;0;0;2;44;0;2450
0;1;0;0;0;1;0;5;0;0;2;42.9;1;2450
0;1;0;0;0;1;0;5;0;0;2;42;1;2450
0;1;0;0;1;0;0;16;0;0;1;43.64;1;2450
0;1;0;0;0;1;0;4;1;0;2;44;0;2450
0;1;0;0;0;1;0;5;0;0;2;45.1;0;2450
0;1;0;0;1;0;0;7;0;1;1;32.7;1;2450
0;1;0;0;0;1;0;5;0;0;2;44;1;2450
0;1;0;0;0;1;0;5;0;0;3;47.8;1;2450
0;0;1;1;0;0;0;7;0;0;1;32.9;1;2450
0;0;1;1;0;0;0;5;1;0;2;41.5;0;2450
0;0;0;1;0;0;0;5;0;1;2;45.3;1;2450
0;0;0;0;1;0;0;5;0;0;1;38.8;1;2450
0;0;0;1;0;0;0;4;0;0;2;42;1;2450
0;0;0;1;0;0;0;5;0;0;2;44;0;2450
0;0;0;0;0;1;0;5;0;0;2;45;1;2450
0;0;0;1;0;0;0;4;0;0;2;45;1;2450
0;0;0;1;0;0;0;5;1;0;3;53.8;0;2450
0;0;0;0;1;0;0;15;0;0;1;41;0;2450
0;0;0;0;0;1;0;5;0;0;2;44.5;1;2450
0;0;0;0;0;1;0;9;0;0;1;37.8;1;2450
0;0;0;1;0;0;0;5;0;0;2;49;0;2450
0;0;0;0;0;1;0;5;0;0;2;44.5;1;2450
0;0;0;0;0;1;0;5;0;0;2;45;1;2450
0;0;0;0;0;1;0;5;1;0;3;58;0;2450
1;0;0;0;1;0;0;17;0;0;1;40.4;1;2470
1;0;0;0;0;0;0;2;1;0;3;62;0;2470
0;1;0;0;0;1;0;5;0;0;2;43;1;2470
0;1;0;0;0;1;0;4;0;0;1;31;1;2470
0;1;0;1;0;0;0;4;1;0;1;35.2;1;2470
0;1;0;0;1;0;0;16;0;0;1;36;1;2470
0;1;0;1;0;0;0;4;0;0;1;41.6;0;2470
0;0;1;1;0;0;0;5;0;0;3;53;1;2470
0;0;1;0;0;1;0;5;1;0;2;44.5;1;2470
0;0;0;0;0;1;0;4;1;0;2;42;0;2470
0;0;0;0;0;1;0;5;0;0;2;46;1;2470
0;0;0;0;0;1;0;5;0;0;2;45;1;2470
0;1;0;0;0;1;0;5;0;1;1;30;1;2480
0;1;0;0;0;1;0;5;0;0;2;46;1;2480
0;0;0;0;1;0;0;3;0;0;2;40;1;2480
0;0;0;0;0;1;0;5;0;1;3;47;1;2480
0;0;1;0;1;0;0;17;0;0;2;50.67;0;2482
0;0;0;1;0;0;0;5;1;0;2;50;0;2485
0;1;0;0;0;1;0;5;1;0;2;44.7;0;2490
0;1;0;0;0;1;0;4;0;1;2;45;1;2490
0;0;0;0;1;0;0;6;0;0;1;41;1;2490
0;0;0;1;0;0;0;6;0;0;1;45.9;1;2490
0;0;0;0;0;0;0;4;0;0;1;48;1;2490
0;0;0;0;1;0;0;10;0;0;1;40.8;1;2490
0;1;0;0;1;0;0;6;0;0;1;37.5;1;2495
0;0;0;0;0;1;0;5;0;0;2;44;0;2495
1;0;0;1;0;0;0;5;0;1;2;52;1;2500
1;0;0;0;0;1;0;5;0;0;2;44.6;1;2500
1;0;0;0;0;1;0;5;0;0;2;44.8;0;2500
1;0;0;0;0;1;0;5;0;0;2;45;1;2500
1;0;0;0;0;1;0;5;0;1;4;58.8;1;2500
1;0;0;0;0;1;0;5;0;1;4;60;1;2500
1;0;0;0;0;1;0;5;0;0;3;49.6;1;2500
1;0;0;0;0;1;0;5;0;0;3;49.2;1;2500
1;0;0;0;0;1;0;5;0;0;3;57;1;2500
1;0;0;0;0;1;0;5;0;0;3;58.7;1;2500
1;0;0;0;0;1;0;5;0;0;3;47;1;2500
1;0;0;0;0;1;0;5;1;0;3;58;0;2500
1;0;0;0;0;0;1;2;1;0;4;93;0;2500
1;0;0;0;1;0;0;9;0;0;2;72;1;2500
1;0;0;0;1;0;0;16;0;0;2;56;1;2500
1;0;0;0;0;1;0;5;0;0;3;58;1;2500
1;0;0;1;0;0;0;2;0;1;3;70.9;1;2500
0;1;0;1;0;0;0;4;0;1;2;45;0;2500
0;1;0;0;1;0;0;9;0;0;1;32.4;0;2500
0;1;0;0;1;0;0;9;0;0;1;32.4;1;2500
0;1;0;0;0;0;1;1;1;1;2;47;0;2500
0;1;0;0;1;0;0;16;0;0;1;37;0;2500
0;1;0;0;1;0;0;16;0;0;1;42.4;1;2500
0;1;0;0;0;1;0;4;0;0;2;44;1;2500
0;1;0;1;0;0;0;5;1;0;1;32;0;2500
0;1;0;1;0;0;0;5;0;0;1;34;1;2500
0;1;0;0;1;0;0;9;0;1;1;32.8;1;2500
0;1;0;0;1;0;0;9;0;1;1;33;1;2500
0;1;0;0;0;1;0;5;1;0;2;44;1;2500
0;1;0;1;0;0;0;5;0;0;2;45;0;2500
0;1;0;0;0;1;0;5;0;0;2;45;0;2500
0;1;0;1;0;0;0;4;0;1;2;47;1;2500
0;1;0;0;1;0;0;16;0;1;2;46;0;2500
0;1;0;1;0;0;0;5;0;0;1;34;1;2500
0;1;0;0;1;0;0;10;0;0;1;37;1;2500
0;0;1;1;0;0;0;17;1;0;1;38;0;2500
0;0;1;1;0;0;0;5;0;0;1;32.3;1;2500
0;0;1;0;1;0;0;10;0;0;1;37;1;2500
0;0;1;1;0;0;0;13;0;0;1;40.9;1;2500
0;0;1;0;1;0;0;17;0;0;1;36;0;2500
0;0;0;1;0;0;0;5;0;0;2;45;0;2500
0;0;0;1;0;0;0;5;1;0;2;43;0;2500
0;0;0;1;0;0;0;11;0;0;1;44;1;2500
0;0;0;1;0;0;0;5;0;1;3;54;1;2500
0;0;0;0;0;1;0;9;0;0;2;41;1;2500
0;0;0;1;0;0;0;4;0;1;2;45;1;2500
0;0;0;0;1;0;0;10;0;0;1;48.8;1;2500
0;0;0;1;0;0;0;9;0;0;1;39.7;1;2500
0;0;0;0;0;1;0;5;0;0;2;47;1;2500
0;0;0;1;0;0;0;15;0;0;1;41;0;2500
0;0;0;0;1;0;0;15;0;0;1;40;1;2500
0;0;0;0;0;0;0;2;0;1;2;50;0;2500
0;0;0;0;0;1;0;9;0;0;2;44;1;2500
0;0;0;0;0;1;0;5;1;0;3;49;0;2500
0;1;0;1;0;0;0;5;0;1;3;42;0;2530
0;0;1;0;1;0;0;17;0;0;2;50.6;1;2530
0;0;0;0;0;1;0;5;0;1;2;45;1;2530
0;0;0;0;0;1;0;9;0;0;2;48.1;1;2530
0;1;0;0;0;0;0;16;0;0;2;40.43;0;2539
0;0;0;1;0;0;0;5;0;1;2;48;1;2540
0;0;1;0;1;0;0;17;0;0;2;50.88;1;2544
0;1;0;0;0;1;0;4;0;0;2;45;1;2545
0;0;0;1;0;0;0;5;0;1;1;39;1;2545
1;0;0;0;0;1;0;5;0;0;3;49;1;2550
1;0;0;0;0;1;0;5;1;0;3;64;1;2550
1;0;0;0;0;1;0;5;1;0;2;48;1;2550
1;0;0;0;0;1;0;5;0;0;4;62;1;2550
1;0;0;1;0;0;0;5;1;0;2;42.5;0;2550
0;1;0;0;0;1;0;5;1;0;2;42;0;2550
0;1;0;0;1;0;0;16;0;0;1;36;0;2550
0;1;0;1;0;0;0;5;0;0;2;42;0;2550
0;1;0;1;0;0;0;5;1;0;2;42.2;0;2550
0;1;0;0;1;0;0;9;0;0;1;33;1;2550
0;1;0;1;0;0;0;5;0;0;1;39.6;1;2550
0;1;0;0;0;1;0;5;0;0;2;41.2;1;2550
0;1;0;1;0;0;0;4;0;1;2;43.7;1;2550
0;1;0;1;0;0;0;4;0;1;2;45;1;2550
0;1;0;0;0;1;0;5;0;0;2;44;1;2550
0;1;0;0;1;0;0;14;0;0;1;47;1;2550
0;1;0;0;0;1;0;9;0;0;2;48;1;2550
0;1;0;0;0;1;0;5;0;1;2;44.4;1;2550
0;1;0;0;1;0;0;16;0;0;1;36.5;1;2550
0;1;0;1;0;0;0;17;0;0;1;47;1;2550
0;0;1;1;0;0;0;4;0;1;1;29.4;0;2550
0;0;1;0;0;1;0;9;0;0;2;47;1;2550
0;0;1;0;0;1;0;9;0;0;2;47.4;1;2550
0;0;0;0;1;0;0;9;0;1;1;44;0;2550
0;0;0;0;0;1;0;5;0;0;4;60.3;1;2550
0;0;0;0;0;1;0;5;0;1;2;44;1;2550
0;0;0;0;0;1;0;5;0;1;2;47.1;1;2550
0;0;0;0;0;0;0;4;1;0;2;46;1;2550
0;0;0;0;0;1;0;5;1;0;3;47;1;2550
0;0;0;1;0;0;0;3;0;1;3;68;1;2550
0;0;0;0;0;1;0;9;0;0;2;48;1;2550
0;0;0;0;0;1;0;9;1;0;2;48;1;2550
0;0;0;0;1;0;0;9;0;0;1;39.3;1;2550
0;0;0;0;0;1;0;5;0;0;3;49.1;1;2550
0;0;0;0;0;1;0;5;0;1;3;58;1;2550
0;1;0;0;0;0;0;16;0;0;2;40.63;0;2551
0;1;0;0;0;0;0;16;1;0;2;41.43;0;2552
0;1;0;0;0;0;0;16;0;0;2;41.03;0;2553
0;0;0;0;1;0;0;6;0;1;1;42;1;2557
0;1;0;0;0;0;0;16;0;0;2;40.73;0;2558
0;1;0;0;0;0;0;16;1;0;2;41.53;0;2558
0;1;0;1;0;0;0;5;1;0;1;34;1;2560
0;0;0;0;1;0;0;17;0;0;2;54;0;2560
0;0;0;0;1;0;0;16;0;0;1;40.5;1;2560
0;1;0;0;1;0;0;4;0;0;1;36.5;0;2570
0;1;0;0;0;1;0;4;0;0;2;45;1;2570
0;1;0;0;1;0;0;14;0;0;1;33.4;1;2570
0;0;0;0;1;0;0;18;0;0;1;40;1;2570
0;0;0;0;0;1;0;5;0;1;3;47;0;2570
0;1;0;0;0;0;0;16;0;0;2;41.03;0;2572
1;0;0;0;0;1;0;9;0;0;2;48;1;2580
0;1;0;0;0;1;0;5;1;0;2;42;0;2580
0;0;1;0;0;0;1;1;1;1;2;41.9;0;2580
0;0;0;0;0;1;0;5;0;0;2;44.2;1;2580
0;0;1;1;0;0;0;18;0;0;1;49;0;2585
0;1;0;1;0;0;0;4;0;0;1;37;0;2590
0;1;0;1;0;0;0;4;0;0;2;58.2;0;2590
0;1;0;1;0;0;0;9;0;0;1;38;1;2590
0;0;1;1;0;0;0;4;0;0;2;42.3;1;2590
0;0;1;1;0;0;0;4;0;0;2;44;1;2590
0;0;0;0;0;1;0;5;0;0;2;43;1;2590
0;1;0;1;0;0;0;17;0;0;1;48;1;2596
0;1;0;1;0;0;0;9;0;0;1;39;1;2599
0;0;0;0;1;0;0;18;0;0;1;44;1;2599
1;0;0;0;0;1;0;9;0;0;2;48;1;2600
1;0;0;0;0;1;0;5;0;1;2;47;1;2600
1;0;0;0;0;1;0;9;0;0;2;48;0;2600
1;0;0;1;0;0;0;5;0;0;2;50.9;1;2600
1;0;0;0;1;0;0;9;0;0;2;56.9;1;2600
1;0;0;0;0;1;0;5;0;0;3;59.5;1;2600
1;0;0;1;0;0;0;4;0;0;4;62.7;1;2600
0;1;0;0;0;1;0;5;0;0;2;47;1;2600
0;1;0;0;1;0;0;9;0;0;1;39;1;2600
0;1;0;0;1;0;0;8;0;0;1;37;0;2600
0;1;0;0;0;1;0;4;1;0;3;58;0;2600
0;1;0;1;0;0;0;5;0;0;2;44;1;2600
0;1;0;0;1;0;0;17;0;0;1;36.3;1;2600
0;1;0;0;0;1;0;5;0;0;2;45;1;2600
0;1;0;0;0;1;0;4;1;0;2;44;0;2600
0;1;0;0;0;1;0;5;0;0;2;43;1;2600
0;1;0;0;0;1;0;5;0;0;2;44;1;2600
0;1;0;0;1;0;0;9;0;0;1;42;1;2600
0;0;1;1;0;0;0;5;1;0;2;42.3;0;2600
0;0;1;0;0;0;1;2;1;0;3;62;0;2600
0;0;0;0;1;0;0;9;0;0;1;43.5;1;2600
0;0;0;1;0;0;0;5;1;0;2;49;1;2600
0;0;0;1;0;0;0;5;1;0;2;42;0;2600
0;0;0;1;0;0;0;10;1;0;1;32.9;0;2600
0;0;0;0;0;1;0;4;0;1;2;45;1;2600
0;0;0;0;0;1;0;9;0;1;2;48;1;2600
0;0;0;0;1;0;0;17;0;0;1;38.1;1;2600
0;0;0;0;1;0;0;18;0;0;1;38.1;1;2600
0;0;0;1;0;0;0;15;0;0;1;42;1;2600
0;0;0;1;0;0;0;16;0;0;1;42;1;2600
0;0;0;0;0;1;0;5;0;0;2;47.3;1;2600
0;0;0;0;0;1;0;5;0;0;3;48.9;1;2600
0;0;0;0;0;1;0;5;0;0;2;47;1;2600
0;1;0;0;1;0;0;2;1;0;3;60.4;0;2609
0;1;0;0;1;0;0;14;1;0;1;42;0;2620
0;0;0;0;0;1;0;5;0;0;3;57.7;1;2620
0;1;0;1;0;0;0;5;0;1;2;43;1;2630
0;1;0;1;0;0;0;16;0;0;1;43.3;1;2630
0;0;0;1;0;0;0;5;1;0;3;56.8;0;2630
0;0;0;0;0;1;0;9;0;0;2;47;1;2630
0;0;0;1;0;0;0;15;0;0;2;60;1;2630
0;0;0;0;1;0;0;15;0;0;2;60.1;1;2632
1;0;0;1;0;0;0;4;0;1;2;52.9;0;2640
0;0;1;1;0;0;0;4;0;0;3;54;0;2640
0;1;0;1;0;0;0;15;0;0;1;49;1;2645
1;0;0;0;1;0;0;17;0;0;2;52;1;2650
1;0;0;0;1;0;0;10;0;0;2;50.8;1;2650
1;0;0;0;0;1;0;5;0;0;3;58.6;1;2650
1;0;0;0;0;1;0;5;1;0;3;61.7;0;2650
1;0;0;0;1;0;0;9;0;0;1;43;1;2650
1;0;0;0;0;1;0;5;0;1;3;47;1;2650
1;0;0;0;0;1;0;5;0;1;3;47;1;2650
1;0;0;0;1;0;0;9;0;1;2;48;1;2650
1;0;0;1;0;0;0;10;0;0;2;72;1;2650
1;0;0;0;1;0;0;9;1;0;2;59;1;2650
1;0;0;0;0;1;0;9;0;1;2;54;1;2650
1;0;0;1;0;0;0;4;1;0;2;60;0;2650
1;0;0;0;0;1;0;9;0;0;3;65.8;1;2650
0;1;0;1;0;0;0;17;0;0;1;46;1;2650
0;1;0;1;0;0;0;17;0;0;2;46;0;2650
0;1;0;1;0;0;0;16;0;0;1;40;0;2650
0;1;0;0;1;0;0;16;0;0;1;42.1;0;2650
0;1;0;0;0;1;0;4;0;1;2;48;1;2650
0;1;0;0;0;1;0;5;0;0;2;44;0;2650
0;1;0;0;0;1;0;5;0;0;2;45;1;2650
0;1;0;1;0;0;0;4;1;0;2;45;0;2650
0;1;0;0;1;0;0;10;0;0;1;40;1;2650
0;1;0;0;0;1;0;5;0;1;3;58;1;2650
0;1;0;0;0;1;0;5;0;1;3;58.2;1;2650
0;1;0;1;0;0;0;4;0;0;2;42;0;2650
0;1;0;1;0;0;0;5;0;0;2;40.7;0;2650
0;1;0;1;0;0;0;4;1;0;2;42.8;0;2650
0;1;0;0;0;1;0;5;0;1;3;59;0;2650
0;1;0;1;0;0;0;9;0;0;1;39.8;1;2650
0;1;0;1;0;0;0;9;0;0;1;40;0;2650
0;1;0;0;1;0;0;14;0;0;1;44;1;2650
0;1;0;0;0;1;0;5;0;0;2;46;1;2650
0;1;0;0;0;1;0;9;1;0;2;47;1;2650
0;1;0;0;0;1;0;9;1;0;2;47;1;2650
0;1;0;0;0;0;0;16;0;0;2;42.4;0;2650
0;1;0;1;0;0;0;9;0;0;1;35.2;1;2650
0;1;0;0;1;0;0;15;0;0;1;40;1;2650
0;0;1;0;1;0;0;12;0;0;1;43;1;2650
0;0;1;0;1;0;0;3;1;0;1;35.3;0;2650
0;0;1;1;0;0;0;5;0;0;2;49;0;2650
0;0;1;0;1;0;0;9;0;0;1;53;1;2650
0;0;0;1;0;0;0;5;0;0;2;49.6;1;2650
0;0;0;1;0;0;0;4;1;0;3;57.2;0;2650
0;0;0;0;1;0;0;9;0;0;2;57;1;2650
0;0;0;0;0;1;0;5;0;0;3;62;1;2650
0;0;0;1;0;0;0;5;1;0;2;42;0;2650
0;0;0;0;0;1;0;5;0;0;3;60;1;2650
0;0;0;0;0;1;0;4;0;0;3;58;0;2650
0;0;0;0;0;1;0;4;0;0;3;59;1;2650
0;0;0;0;1;0;0;16;0;0;1;44;1;2650
0;0;0;0;0;1;0;5;0;0;3;58;1;2650
0;0;0;1;0;0;0;16;0;0;1;44;1;2650
0;0;0;0;1;0;0;10;0;1;1;47;1;2650
0;0;0;0;0;1;0;5;0;0;4;64.1;1;2650
0;0;0;0;0;1;0;5;0;0;3;60.3;1;2650
0;0;0;0;0;1;0;9;0;1;2;47.4;1;2650
0;0;0;0;0;1;0;9;0;1;2;48;1;2650
0;1;0;0;1;0;0;13;0;0;1;46.3;0;2655
0;1;0;0;0;1;0;5;0;0;3;50;1;2660
0;1;0;0;0;0;0;15;0;0;2;42.6;0;2662
0;0;0;0;1;0;0;16;0;0;1;50.92;1;2662
0;1;0;0;1;0;0;16;0;0;1;47.77;0;2666
1;0;0;1;0;0;0;5;0;1;4;64;1;2670
1;0;0;1;0;0;0;5;0;0;2;43;1;2670
0;1;0;0;1;0;0;8;0;0;1;33.4;1;2670
0;0;0;0;1;0;0;9;0;0;1;44;0;2670
0;0;0;0;0;1;0;5;0;1;2;42;1;2670
0;0;0;0;1;0;0;16;0;0;1;49;0;2672
0;1;0;0;0;0;0;15;0;0;2;42.9;0;2676
1;0;0;0;1;0;0;18;0;0;2;48;1;2680
0;1;0;1;0;0;0;12;0;0;1;40;1;2680
0;1;0;0;1;0;0;9;0;0;1;42;1;2680
0;1;0;1;0;0;0;4;0;1;2;42.9;1;2680
0;1;0;1;0;0;0;5;0;0;1;44;1;2680
0;0;0;1;0;0;0;4;0;0;2;45;1;2680
0;1;0;0;1;0;0;7;0;0;1;50;0;2690
0;0;0;0;0;1;0;5;0;0;3;60;1;2690
0;0;0;0;1;0;0;9;0;0;1;34;0;2690
0;0;0;0;1;0;0;9;0;0;2;68;1;2690
0;1;0;1;0;0;0;15;0;0;2;57.54;1;2696
1;0;0;0;0;1;0;5;0;0;3;60;1;2700
1;0;0;0;0;1;0;5;0;0;3;62;0;2700
1;0;0;0;1;0;0;12;0;0;2;66;1;2700
1;0;0;0;0;1;0;5;0;1;3;61;1;2700
1;0;0;1;0;0;0;17;0;0;2;55;1;2700
1;0;0;0;1;0;0;9;0;0;2;50.3;1;2700
1;0;0;0;0;1;0;5;0;1;3;58.2;1;2700
1;0;0;1;0;0;0;4;1;0;1;48.1;0;2700
1;0;0;0;0;1;0;9;0;0;2;49;1;2700
0;1;0;0;1;0;0;16;0;0;1;43;0;2700
0;1;0;0;0;1;0;5;0;1;2;42;1;2700
0;1;0;1;0;0;0;15;0;0;1;39;1;2700
0;1;0;0;1;0;0;10;0;0;1;36;1;2700
0;1;0;1;0;0;0;5;0;0;2;44;1;2700
0;1;0;0;1;0;0;10;0;0;1;41;1;2700
0;1;0;0;0;1;0;5;0;0;2;46;0;2700
0;1;0;0;0;1;0;5;0;0;2;47;1;2700
0;1;0;0;1;0;0;9;0;0;1;35;1;2700
0;1;0;0;0;1;0;5;0;0;2;44;1;2700
0;1;0;0;0;1;0;5;1;0;2;45;1;2700
0;0;1;1;0;0;0;4;0;1;1;30.2;1;2700
0;0;1;0;1;0;0;9;0;0;1;43;1;2700
0;0;1;1;0;0;0;3;0;0;2;44.3;0;2700
0;0;1;1;0;0;0;3;1;0;2;58;0;2700
0;0;0;1;0;0;0;15;0;0;1;36;1;2700
0;0;0;1;0;0;0;4;0;1;2;42.5;1;2700
0;0;0;0;1;0;0;9;0;0;1;39.8;1;2700
0;0;0;1;0;0;0;5;0;0;2;42.1;1;2700
0;0;0;0;0;1;0;5;0;0;4;60;1;2700
0;0;0;0;0;1;0;9;0;0;2;41.7;1;2700
0;0;0;1;0;0;0;4;0;0;2;41.3;0;2700
0;0;0;0;0;1;0;5;1;0;3;59;0;2700
0;0;0;0;0;1;0;5;0;1;2;48;1;2700
0;0;0;0;1;0;0;15;0;0;1;40;1;2700
0;0;0;1;0;0;0;5;1;0;2;53;1;2700
0;0;0;0;0;1;0;5;1;0;4;61;0;2700
0;0;0;1;0;0;0;9;0;0;2;68;1;2715
1;0;0;0;0;1;0;5;0;0;3;59.5;1;2720
0;0;0;0;1;0;0;16;0;0;1;39.5;1;2720
0;1;0;1;0;0;0;10;0;1;2;57;1;2730
0;1;0;0;1;0;0;5;0;0;2;41.4;1;2730
0;1;0;0;1;0;0;17;0;0;2;59.13;1;2730
0;1;0;1;0;0;0;9;0;0;1;42;1;2730
1;0;0;0;1;0;0;9;0;0;2;46;1;2750
1;0;0;0;0;1;0;5;0;1;3;60;1;2750
1;0;0;1;0;0;0;4;0;0;2;57;0;2750
1;0;0;0;1;0;0;13;0;0;2;55;1;2750
1;0;0;0;0;1;0;5;0;0;3;58.5;0;2750
1;0;0;0;0;1;0;5;0;0;3;57.8;1;2750
1;0;0;0;1;0;0;17;0;0;2;56;1;2750
1;0;0;0;0;1;0;5;0;0;4;60;1;2750
1;0;0;0;0;1;0;5;1;0;3;55.4;0;2750
1;0;0;0;0;1;0;5;0;0;3;56;1;2750
0;1;0;0;0;1;0;5;0;0;2;44;1;2750
0;1;0;0;0;1;0;5;0;1;2;43;1;2750
0;1;0;0;0;1;0;5;0;0;3;58;1;2750
0;1;0;1;0;0;0;5;1;0;2;43;0;2750
0;1;0;0;1;0;0;17;0;0;1;39.5;0;2750
0;1;0;0;0;1;0;4;0;1;2;45;0;2750
0;1;0;0;1;0;0;16;0;0;1;48.08;1;2750
0;1;0;0;0;1;0;5;0;0;2;43.6;0;2750
0;1;0;0;1;0;0;9;0;0;1;42.5;1;2750
0;1;0;0;0;1;0;9;0;0;2;47.9;1;2750
0;0;1;0;1;0;0;9;0;0;1;40;1;2750
0;0;1;0;0;1;0;5;0;1;3;62;1;2750
0;0;1;0;0;1;0;5;0;1;2;45;1;2750
0;0;0;0;0;1;0;9;0;0;2;48;1;2750
0;0;0;0;0;1;0;4;1;0;4;60;0;2750
0;0;0;0;0;1;0;5;0;1;2;48;1;2750
0;0;0;0;0;0;0;4;1;0;2;48.6;1;2750
0;0;0;0;0;1;0;5;0;0;3;61.9;1;2750
0;0;0;0;1;0;0;13;0;0;2;59;0;2750
0;0;0;0;0;1;0;5;0;1;3;62;0;2750
0;0;0;0;0;1;0;5;0;0;3;59;1;2750
0;0;0;1;0;0;0;16;0;0;2;58;1;2770
0;1;0;0;1;0;0;16;0;0;1;45;0;2780
0;1;0;0;0;1;0;5;0;1;2;44;1;2780
0;0;1;1;0;0;0;5;0;0;1;35.6;0;2780
0;1;0;0;0;0;0;3;1;0;1;39;1;2790
1;0;0;1;0;0;0;5;0;0;3;60;1;2800
1;0;0;0;1;0;0;10;0;1;2;57.7;0;2800
1;0;0;0;0;1;0;5;1;0;3;58.3;1;2800
1;0;0;0;0;0;0;2;0;1;3;74;0;2800
1;0;0;0;0;1;0;5;0;1;3;59;1;2800
1;0;0;0;0;1;0;9;0;0;2;51;1;2800
1;0;0;0;0;1;0;9;0;1;2;53;1;2800
0;1;0;0;1;0;0;9;0;1;1;39.7;1;2800
0;1;0;0;1;0;0;10;0;0;1;41.5;1;2800
0;1;0;0;0;1;0;5;0;0;2;47;0;2800
0;1;0;0;0;1;0;5;0;0;3;59;1;2800
0;1;0;0;1;0;0;3;0;1;1;36.6;1;2800
0;1;0;0;1;0;0;16;0;0;1;44;1;2800
0;1;0;1;0;0;0;2;0;1;3;65.5;0;2800
0;1;0;0;1;0;0;8;0;1;1;40;1;2800
0;1;0;0;1;0;0;16;0;0;1;48;0;2800
0;1;0;0;1;0;0;11;0;0;2;48;1;2800
0;1;0;0;0;1;0;5;1;0;3;57;0;2800
0;1;0;0;0;1;0;5;0;0;2;47.1;1;2800
0;0;1;0;0;1;0;5;0;0;4;60.3;1;2800
0;0;0;1;0;0;0;9;0;0;1;38.2;1;2800
0;0;0;1;0;0;0;4;0;1;2;51;1;2800
0;0;0;1;0;0;0;3;0;1;5;100;0;2800
0;0;0;1;0;0;0;9;0;1;1;35.5;1;2800
0;0;0;0;1;0;0;13;0;1;1;53.13;1;2800
0;0;0;0;0;1;0;5;0;1;3;61;1;2800
0;0;0;0;1;0;0;11;0;0;2;45;1;2800
0;0;0;0;0;0;0;4;0;0;2;46.6;1;2800
0;0;0;0;0;0;0;5;0;0;4;79;0;2800
0;0;0;0;0;1;0;9;0;0;2;48.5;1;2800
0;0;0;0;1;0;0;9;0;0;1;40;1;2800
0;0;0;0;0;1;0;4;0;1;3;61;1;2800
0;0;0;0;0;1;0;5;0;1;2;48;1;2800
0;1;0;0;1;0;0;9;0;0;1;43;1;2810
0;1;0;0;0;1;0;9;0;1;2;48;1;2830
0;1;0;1;0;0;0;4;0;1;2;43;1;2830
0;1;0;1;0;0;0;4;0;1;3;54;1;2830
0;1;0;0;1;0;0;14;0;0;1;42.1;1;2830
0;1;0;0;0;0;0;16;0;0;2;45.93;0;2833
0;1;0;0;0;0;0;16;0;0;2;46.33;0;2835
0;1;0;0;0;0;0;16;1;0;2;46.83;0;2837
0;0;0;0;0;0;0;9;0;0;3;79.05;0;2838
0;1;0;0;0;0;0;16;0;1;3;46.03;0;2840
0;0;0;0;1;0;0;17;0;0;1;61.38;1;2840
1;0;0;0;0;1;0;9;0;0;2;49;1;2850
1;0;0;0;0;1;0;5;0;1;3;60;1;2850
1;0;0;0;0;0;0;9;0;0;2;57;1;2850
1;0;0;0;0;1;0;9;0;1;2;52;1;2850
0;1;0;0;0;1;0;5;0;0;2;42;1;2850
0;1;0;0;0;1;0;5;0;1;2;44;1;2850
0;1;0;1;0;0;0;15;0;0;2;44.9;0;2850
0;1;0;0;1;0;0;17;0;0;1;37.6;1;2850
0;1;0;1;0;0;0;5;0;1;2;41;1;2850
0;1;0;1;0;0;0;2;0;1;3;64;0;2850
0;1;0;1;0;0;0;14;0;0;1;39.2;1;2850
0;1;0;1;0;0;0;5;0;1;2;46;0;2850
0;1;0;0;1;0;0;16;0;0;1;33.2;1;2850
0;1;0;0;1;0;0;16;0;0;1;44.4;0;2850
0;1;0;0;0;1;0;5;0;1;3;60;1;2850
0;1;0;1;0;0;0;5;0;0;3;54.8;0;2850
0;1;0;0;1;0;0;16;0;0;1;45.6;1;2850
0;1;0;0;1;0;0;9;0;0;1;40;1;2850
0;1;0;0;0;1;0;9;0;1;2;48;1;2850
0;0;1;1;0;0;0;10;0;0;2;48;0;2850
0;0;1;1;0;0;0;3;0;0;2;46;0;2850
0;0;1;0;1;0;0;17;0;0;1;38;1;2850
0;0;1;1;0;0;0;4;0;0;2;53;0;2850
0;0;1;1;0;0;0;5;0;0;2;60;0;2850
0;0;1;1;0;0;0;5;0;0;2;49.3;1;2850
0;0;0;1;0;0;0;4;0;0;3;57.7;1;2850
0;0;0;0;1;0;0;16;0;0;1;50.58;1;2850
0;0;0;0;0;1;0;9;1;0;3;57.2;1;2850
0;0;0;1;0;0;0;4;1;0;3;60;0;2850
0;0;0;0;0;0;0;5;0;0;2;60;1;2850
0;0;0;0;0;1;0;9;0;1;2;48;1;2850
0;0;0;0;0;1;0;9;0;0;2;48;1;2850
0;0;0;1;0;0;0;5;1;0;4;60;0;2850
0;1;0;0;1;0;0;14;0;0;2;72;1;2852
0;1;0;0;0;0;0;16;0;0;2;46.23;0;2853
0;0;0;0;0;0;0;9;0;0;3;79.55;0;2855
0;0;1;1;0;0;0;4;0;0;3;70;0;2860
0;0;1;1;0;0;0;5;0;1;1;38.6;1;2860
0;0;1;1;0;0;0;5;0;1;3;66;0;2860
0;0;0;0;0;0;0;9;1;0;3;79.75;0;2863
1;0;0;0;0;1;0;5;0;0;3;56;0;2870
1;0;0;1;0;0;0;4;0;0;2;64;0;2870
1;0;0;1;0;0;0;4;0;0;3;64;0;2870
0;1;0;0;0;1;0;5;0;1;2;45.6;0;2870
0;1;0;0;1;0;0;16;0;0;1;45;1;2870
0;1;0;0;1;0;0;15;0;0;1;44;1;2870
0;0;0;1;0;0;0;10;0;0;1;38;1;2870
0;0;0;0;0;1;0;9;0;0;2;48;1;2870
0;0;0;0;1;0;0;10;0;0;1;54;1;2872
0;1;0;0;0;1;0;5;0;1;3;48;1;2880
0;1;0;1;0;0;0;16;0;0;1;49;1;2880
0;1;0;0;1;0;0;9;0;0;1;42.5;1;2880
1;0;0;0;0;1;0;5;0;0;3;48;1;2890
0;1;0;1;0;0;0;4;0;0;3;52.2;1;2890
0;1;0;0;0;1;0;5;0;0;2;43;1;2890
0;1;0;0;0;1;0;5;1;0;2;43;0;2890
0;0;1;0;0;1;0;5;0;0;3;48;1;2890
1;0;0;0;1;0;0;17;0;0;2;55;1;2900
1;0;0;0;0;1;0;9;0;0;3;64;1;2900
1;0;0;0;0;1;0;5;1;0;3;70;1;2900
1;0;0;0;0;1;0;5;0;0;3;61;1;2900
1;0;0;0;0;1;0;5;0;0;3;61;1;2900
1;0;0;0;0;1;0;5;0;0;2;44.6;1;2900
1;0;0;1;0;0;0;5;0;0;4;62;1;2900
1;0;0;0;0;1;0;5;0;0;3;58.1;1;2900
0;1;0;0;0;1;0;5;0;0;2;42;1;2900
0;1;0;1;0;0;0;5;1;0;2;45;1;2900
0;1;0;0;0;1;0;9;0;0;2;48;1;2900
0;1;0;1;0;0;0;15;0;0;1;38.8;1;2900
0;1;0;0;1;0;0;16;0;0;1;36;1;2900
0;1;0;0;1;0;0;16;0;1;1;45;1;2900
0;1;0;1;0;0;0;5;0;1;2;47.2;1;2900
0;1;0;1;0;0;0;10;0;0;1;41;0;2900
0;1;0;0;0;1;0;9;1;0;2;48;1;2900
0;1;0;0;1;0;0;10;0;1;2;60;1;2900
0;1;0;1;0;0;0;10;0;1;2;60;1;2900
0;0;1;0;0;1;0;5;1;0;3;59.9;1;2900
0;0;1;1;0;0;0;2;0;1;3;50;0;2900
0;0;1;1;0;0;0;3;0;1;2;47.5;0;2900
0;0;1;1;0;0;0;5;0;1;3;67;1;2900
0;0;1;0;0;1;0;5;1;0;2;41.8;0;2900
0;0;0;0;1;0;0;12;0;0;1;51.3;1;2900
0;0;0;1;0;0;0;4;0;1;3;53;1;2900
0;0;0;0;0;1;0;5;0;0;3;58;1;2900
0;0;0;1;0;0;0;9;0;0;1;40.9;1;2900
0;0;0;0;0;1;0;9;0;0;2;48.9;1;2900
0;0;0;1;0;0;0;3;0;1;3;63;1;2900
0;0;0;0;0;1;0;5;0;0;3;45.6;0;2900
0;0;0;0;0;1;0;5;0;1;3;59.1;1;2900
0;0;0;1;0;0;0;5;1;0;3;60;0;2900
0;0;0;0;1;0;0;16;0;0;1;46;1;2900
0;0;0;0;0;1;0;5;0;1;3;60;1;2900
0;0;0;1;0;0;0;5;0;0;3;56;1;2900
1;0;0;0;0;1;0;5;0;1;2;50;1;2920
0;0;0;0;0;1;0;5;0;0;2;47;1;2920
0;1;0;1;0;0;0;16;0;1;1;49;1;2930
0;1;0;1;0;0;0;4;0;1;2;43;0;2930
0;1;0;0;1;0;0;15;0;0;1;43;1;2940
0;0;0;0;0;1;0;9;1;0;3;68.6;1;2940
1;0;0;1;0;0;0;4;0;0;2;60;0;2950
1;0;0;1;0;0;0;5;0;1;3;68;1;2950
1;0;0;0;0;1;0;5;0;0;3;59;1;2950
1;0;0;1;0;0;0;5;0;1;3;67;1;2950
0;1;0;0;1;0;0;9;0;0;1;42.11;0;2950
0;1;0;1;0;0;0;10;0;0;2;43;1;2950
0;1;0;1;0;0;0;3;0;0;2;47.4;0;2950
0;1;0;0;0;1;0;9;0;0;2;48;1;2950
0;1;0;0;0;1;0;5;0;0;2;48;1;2950
0;1;0;0;0;1;0;9;0;0;2;48;1;2950
0;1;0;1;0;0;0;5;0;0;2;41.2;0;2950
0;1;0;0;1;0;0;9;0;0;1;42;1;2950
0;1;0;0;0;0;0;17;0;0;2;57;1;2950
0;0;1;1;0;0;0;10;0;1;2;60;0;2950
0;0;1;1;0;0;0;7;0;1;2;61;0;2950
0;0;1;1;0;0;0;3;0;1;2;33;0;2950
0;0;1;1;0;0;0;5;0;1;3;67;1;2950
0;0;0;0;0;1;0;9;0;0;2;48;1;2950
0;0;0;0;0;1;0;9;0;0;1;44;1;2950
0;0;0;1;0;0;0;5;0;0;2;53;1;2950
0;0;0;0;0;0;0;9;0;0;3;82.45;0;2959
0;1;0;1;0;0;0;4;0;1;2;44;0;2960
0;0;0;0;0;0;0;9;0;0;3;82.45;0;2960
0;0;0;0;0;0;0;4;1;0;3;65;0;2970
0;0;0;0;0;0;0;9;0;0;3;82.85;0;2975
0;0;0;0;0;0;0;9;0;0;3;82.85;0;2975
0;1;0;1;0;0;0;10;0;0;2;43;1;2980
0;0;0;0;1;0;0;16;0;0;1;50.6;1;2980
0;0;0;0;1;0;0;16;0;0;2;56.8;1;2980
0;0;0;0;0;0;0;9;1;0;3;83.15;0;2985
0;0;0;0;0;0;0;9;1;0;3;83.15;0;2985
1;0;0;0;1;0;0;13;0;0;3;67;1;2990
1;0;0;0;1;0;0;9;1;0;3;81.6;1;2990
0;1;0;0;1;0;0;14;0;0;2;67;0;2990
0;1;0;1;0;0;0;5;1;0;1;39;0;2990
0;1;0;0;0;1;0;4;1;0;3;59;0;2990
0;1;0;1;0;0;0;16;0;0;1;44;1;2990
0;0;1;0;0;1;0;5;1;0;2;42;0;2990
0;0;1;0;0;1;0;5;0;1;3;61;1;2990
0;0;1;0;1;0;0;18;0;0;3;83.79;1;2990
0;0;0;1;0;0;0;6;0;0;1;38;1;2990
1;0;0;0;0;1;0;9;0;0;3;68;1;2999
0;0;1;1;0;0;0;5;0;1;2;61;0;2999
0;0;1;1;0;0;0;5;0;0;2;44.2;1;2999
0;0;1;1;0;0;0;4;0;0;3;73;0;2999
0;0;0;0;1;0;0;10;0;0;1;47;1;2999
1;0;0;0;0;1;0;5;0;1;3;57;1;3000
1;0;0;1;0;0;0;5;1;0;3;64.9;1;3000
1;0;0;1;0;0;0;4;0;0;2;52;0;3000
1;0;0;0;1;0;0;17;0;0;2;56;1;3000
1;0;0;1;0;0;0;3;0;0;2;41;1;3000
0;1;0;1;0;0;0;5;1;0;2;43;0;3000
0;1;0;0;1;0;0;9;0;0;1;36.9;1;3000
0;1;0;0;0;1;0;5;0;0;3;48.1;1;3000
0;1;0;1;0;0;0;5;1;0;1;42.5;0;3000
0;1;0;0;1;0;0;10;0;1;2;60.2;1;3000
0;1;0;0;0;1;0;5;0;0;2;44;1;3000
0;1;0;1;0;0;0;5;0;0;1;43;1;3000
0;1;0;0;1;0;0;15;0;1;1;50;1;3000
0;1;0;1;0;0;0;4;0;1;3;53;0;3000
0;1;0;0;0;1;0;9;0;0;2;48;1;3000
0;1;0;0;1;0;0;9;0;0;1;42;1;3000
0;1;0;0;1;0;0;9;0;0;1;42;1;3000
0;1;0;0;0;1;0;5;0;0;2;44;0;3000
0;0;1;0;0;0;0;5;0;1;3;62;1;3000
0;0;1;0;0;0;0;10;0;1;2;60;1;3000
0;0;0;1;0;0;0;5;0;1;4;64;1;3000
0;0;0;1;0;0;0;5;0;0;2;48.8;1;3000
0;0;0;1;0;0;0;5;0;1;2;48.6;1;3000
0;0;0;1;0;0;0;17;0;0;1;52;1;3000
0;0;0;0;0;0;0;4;0;1;3;108.3;1;3000
0;0;0;1;0;0;0;9;1;0;2;63.23;1;3000
0;0;0;0;1;0;0;9;1;0;2;64;1;3000
0;0;0;0;0;1;0;5;0;0;4;59.5;1;3000
0;0;0;0;0;1;0;9;0;0;3;68;1;3000
0;0;0;0;0;1;0;9;0;0;3;68.1;1;3000
0;0;0;0;0;1;0;5;1;0;4;60;0;3000
0;0;0;0;0;1;0;5;0;0;3;48.3;1;3000
0;0;0;1;0;0;0;5;0;0;2;59;1;3000
0;1;0;0;1;0;0;16;0;0;2;56.56;1;3014
0;1;0;1;0;0;0;5;0;0;1;45.5;1;3040
0;1;0;0;0;1;0;5;0;0;4;60;1;3045
1;0;0;1;0;0;0;5;1;0;3;62;0;3050
1;0;0;1;0;0;0;4;0;0;2;60;1;3050
0;1;0;0;1;0;0;6;0;0;2;59.8;0;3050
0;1;0;0;1;0;0;12;0;0;1;43;1;3050
0;1;0;0;0;1;0;5;1;0;3;60;0;3050
0;1;0;0;1;0;0;17;0;0;2;47;1;3050
0;1;0;0;0;1;0;7;0;1;2;43.2;1;3050
0;1;0;1;0;0;0;5;1;0;1;42;1;3050
0;1;0;0;0;1;0;9;0;0;2;48.9;1;3050
0;1;0;0;1;0;0;10;0;0;1;42;1;3050
0;1;0;0;1;0;0;9;0;0;1;42.4;1;3050
0;1;0;0;1;0;0;9;0;0;1;42.4;1;3050
0;1;0;0;1;0;0;9;0;0;1;44;1;3050
0;1;0;0;0;1;0;9;1;0;2;48;1;3050
0;1;0;1;0;0;0;17;0;0;2;58;1;3050
0;0;1;0;0;1;0;5;1;0;3;59.9;1;3050
0;0;0;1;0;0;0;14;0;0;2;59.69;1;3050
0;0;0;0;0;1;0;5;0;0;4;95;1;3050
0;0;0;1;0;0;0;3;0;0;2;55;0;3050
0;0;0;0;0;1;0;5;1;0;3;61;1;3050
0;0;0;0;0;1;0;5;0;0;4;58.1;1;3050
0;1;0;1;0;0;0;17;0;0;2;56.56;1;3054
0;1;0;0;1;0;0;9;0;0;1;43.14;1;3068
0;1;0;0;0;1;0;9;0;0;1;42.34;1;3070
0;1;0;0;1;0;0;15;0;0;3;62.9;1;3080
0;0;0;0;1;0;0;15;0;0;2;48.3;1;3080
0;1;0;0;0;0;0;16;0;1;3;57.49;0;3087
0;1;0;0;1;0;0;9;0;0;2;60;1;3090
0;0;1;0;1;0;0;9;0;0;1;42;1;3090
0;0;0;0;1;0;0;9;0;0;2;60.84;0;3092
0;0;0;0;1;0;0;9;0;0;2;60.84;0;3092
0;0;1;1;0;0;0;3;0;0;3;71;0;3099
1;0;0;1;0;0;0;5;0;0;3;62.1;1;3100
1;0;0;0;0;1;0;5;0;1;3;63;0;3100
1;0;0;0;0;1;0;5;0;1;3;61.5;1;3100
1;0;0;1;0;0;0;4;0;0;3;67.6;1;3100
1;0;0;1;0;0;0;4;1;0;3;70;0;3100
1;0;0;0;0;1;0;5;0;1;3;61.7;1;3100
1;0;0;1;0;0;0;12;0;0;2;58;0;3100
1;0;0;1;0;0;0;5;0;0;3;62;1;3100
1;0;0;1;0;0;0;5;0;1;3;61.9;1;3100
0;1;0;1;0;0;0;15;0;1;1;44;1;3100
0;1;0;1;0;0;0;6;0;0;1;45.5;0;3100
0;1;0;0;1;0;0;17;0;0;1;40;1;3100
0;1;0;0;1;0;0;19;0;0;1;40;1;3100
0;1;0;0;1;0;0;15;0;0;1;43;1;3100
0;1;0;0;1;0;0;16;0;0;1;49;1;3100
0;1;0;0;1;0;0;16;0;0;1;51;0;3100
0;1;0;0;1;0;0;16;0;0;1;51;1;3100
0;1;0;1;0;0;0;15;0;0;1;43;1;3100
0;1;0;1;0;0;0;5;1;0;4;63.8;1;3100
0;1;0;1;0;0;0;4;0;1;3;53;1;3100
0;1;0;1;0;0;0;4;0;1;3;59;1;3100
0;1;0;0;0;1;0;9;0;0;2;48;1;3100
0;1;0;0;1;0;0;14;0;0;1;53;1;3100
0;1;0;0;1;0;0;9;0;0;1;40;0;3100
0;0;1;0;0;1;0;5;0;0;2;46;1;3100
0;0;1;0;0;1;0;5;0;1;2;44;1;3100
0;0;1;1;0;0;0;4;0;0;3;54;1;3100
0;0;1;0;0;1;0;5;0;1;3;55.9;1;3100
0;0;1;1;0;0;0;5;1;0;2;50.9;1;3100
0;0;1;0;0;1;0;5;0;0;3;60;1;3100
0;0;0;1;0;0;0;5;0;0;3;60;1;3100
0;0;0;1;0;0;0;6;0;0;1;43;1;3100
0;0;0;1;0;0;0;12;0;0;1;45.3;1;3100
0;0;0;1;0;0;0;4;0;1;1;53;1;3100
0;0;0;1;0;0;0;5;1;0;3;63;1;3100
0;0;0;0;1;0;0;15;0;0;2;50;1;3100
0;0;0;0;1;0;0;9;0;0;2;60.84;0;3100
0;0;0;1;0;0;0;5;0;0;3;57.4;0;3100
0;0;0;0;1;0;0;9;0;0;2;61.9;1;3100
0;0;0;0;0;1;0;5;0;0;4;60;1;3100
0;0;0;0;0;1;0;5;1;0;3;60;0;3100
0;0;0;0;0;1;0;5;0;1;3;66.4;1;3100
0;0;0;0;0;1;0;5;1;0;3;60;1;3100
0;0;1;0;1;0;0;17;1;0;3;72.33;0;3110
0;0;0;0;1;0;0;16;0;0;1;60;1;3125
0;1;0;0;1;0;0;9;0;0;1;43;1;3130
0;0;1;0;1;0;0;9;0;1;1;39;1;3130
0;1;0;0;1;0;0;16;0;0;2;56.56;0;3139
0;1;0;0;1;0;0;13;0;0;1;33.1;1;3140
0;0;0;0;1;0;0;16;0;0;1;59.45;1;3143
1;0;0;1;0;0;0;4;0;0;2;60;0;3150
1;0;0;0;0;0;0;9;0;0;2;60;1;3150
1;0;0;1;0;0;0;9;0;0;2;52;1;3150
0;1;0;0;1;0;0;17;0;0;2;52.63;1;3150
0;1;0;0;0;1;0;5;0;1;4;60;1;3150
0;1;0;0;0;1;0;5;0;0;3;61;1;3150
0;1;0;0;1;0;0;17;0;0;2;49;1;3150
0;1;0;0;1;0;0;16;0;0;2;57.56;1;3150
0;1;0;1;0;0;0;18;0;0;1;45.6;1;3150
0;1;0;1;0;0;0;4;0;0;2;55.3;0;3150
0;1;0;0;0;1;0;5;0;0;3;60;1;3150
0;1;0;0;0;1;0;5;1;0;3;62;1;3150
0;1;0;0;0;1;0;5;1;0;3;62;1;3150
0;0;1;1;0;0;0;5;0;1;3;65;1;3150
0;0;1;0;0;1;0;5;0;0;2;43.5;0;3150
0;0;1;1;0;0;0;5;0;1;3;64;1;3150
0;0;1;1;0;0;0;5;0;1;3;64;1;3150
0;0;0;1;0;0;0;5;0;0;4;62.9;1;3150
0;0;0;1;0;0;0;10;0;0;2;57;1;3150
0;0;0;0;0;1;0;5;0;0;2;44.3;1;3150
0;0;0;0;1;0;0;16;0;0;1;59;1;3150
0;0;0;1;0;0;0;12;0;0;1;45;1;3150
0;0;0;0;0;1;0;5;1;0;3;59;0;3150
0;1;0;0;1;0;0;17;0;0;2;52.63;1;3155
0;1;0;1;0;0;0;5;0;1;2;49;1;3160
0;1;0;0;1;0;0;17;0;0;2;57.73;1;3165
1;0;0;0;0;0;0;10;0;0;2;50;1;3170
0;1;0;0;1;0;0;2;0;1;3;102.4;0;3170
0;1;0;0;1;0;0;16;0;0;2;57.16;0;3172
1;0;0;0;1;0;0;16;0;1;3;92;1;3180
0;1;0;0;1;0;0;18;0;0;2;53.21;1;3180
0;0;0;1;0;0;0;9;0;0;1;41.5;1;3180
0;1;0;0;0;0;0;16;1;0;3;59.3;0;3184
0;1;0;0;1;0;0;14;0;0;2;74;0;3190
0;1;0;0;1;0;0;16;0;0;2;57.54;0;3193
0;1;0;0;0;0;0;16;0;1;3;58.3;0;3194
1;0;0;0;0;1;0;5;0;1;3;64;0;3200
1;0;0;1;0;0;0;4;1;0;2;56;0;3200
1;0;0;0;0;1;0;5;0;1;4;60;1;3200
1;0;0;0;0;1;0;4;0;1;3;58;1;3200
0;1;0;1;0;0;0;5;0;0;3;58.6;0;3200
0;1;0;0;1;0;0;16;0;0;1;38.8;1;3200
0;1;0;0;1;0;0;14;0;0;2;66;1;3200
0;1;0;0;1;0;0;16;0;0;1;43.4;1;3200
0;1;0;1;0;0;0;16;0;0;2;52;1;3200
0;1;0;1;0;0;0;16;0;0;2;52;1;3200
0;1;0;1;0;0;0;5;0;1;2;49;1;3200
0;1;0;0;1;0;0;18;0;0;2;61;1;3200
0;1;0;1;0;0;0;5;0;1;3;56.7;1;3200
0;1;0;0;0;1;0;4;0;0;3;58.5;1;3200
0;1;0;0;1;0;0;9;0;0;2;43;1;3200
0;1;0;0;1;0;0;16;0;0;1;44;1;3200
0;1;0;0;1;0;0;16;0;0;1;48;1;3200
0;1;0;1;0;0;0;18;0;0;1;48;1;3200
0;0;1;1;0;0;0;5;0;0;2;48.4;1;3200
0;0;1;1;0;0;0;5;0;1;3;57;1;3200
0;0;1;0;1;0;0;13;0;0;2;56.4;1;3200
0;0;1;0;0;1;0;5;0;0;3;60;1;3200
0;0;1;1;0;0;0;5;0;0;3;80;1;3200
0;0;1;0;0;1;0;5;0;1;4;60;1;3200
0;0;0;0;0;1;0;9;0;0;2;48;1;3200
0;0;0;0;0;0;0;5;1;0;5;92.2;0;3200
0;0;0;0;0;1;0;9;0;0;3;67;1;3200
0;0;0;0;0;0;0;5;1;0;4;78;0;3200
0;0;0;0;1;0;0;16;0;0;1;41.4;0;3200
0;0;0;1;0;0;0;5;1;0;2;47.5;1;3200
0;0;0;0;0;1;0;5;0;0;3;65;1;3200
0;0;0;0;1;0;0;14;0;0;3;57;1;3200
0;0;0;0;0;0;0;14;0;0;1;47;1;3200
0;0;0;1;0;0;0;4;0;0;3;57;1;3200
0;0;0;0;0;1;0;9;0;0;2;48;1;3200
0;0;0;0;1;0;0;9;1;0;2;64;1;3200
0;0;0;1;0;0;0;4;0;0;3;56;1;3200
0;0;0;0;0;1;0;5;1;0;3;61.7;1;3200
0;0;0;0;0;1;0;9;0;0;4;76;1;3228
1;0;0;0;0;1;0;5;0;0;3;60;1;3250
1;0;0;0;0;1;0;5;0;0;3;60;1;3250
0;1;0;0;1;0;0;16;0;0;1;42.2;1;3250
0;1;0;1;0;0;0;5;0;0;2;50;1;3250
0;1;0;0;1;0;0;16;0;0;2;57.54;1;3250
0;1;0;1;0;0;0;5;0;0;3;60;1;3250
0;1;0;1;0;0;0;17;0;0;1;48;1;3250
0;1;0;0;0;1;0;4;0;0;3;56;0;3250
0;1;0;0;1;0;0;10;0;0;2;58.3;1;3250
0;1;0;0;1;0;0;10;0;0;1;48;0;3250
0;1;0;0;1;0;0;16;0;0;2;57.7;0;3250
0;0;1;1;0;0;0;4;1;0;3;78.9;0;3250
0;0;1;1;0;0;0;4;0;0;3;57;1;3250
0;0;1;1;0;0;0;5;0;0;3;80;1;3250
0;0;0;0;1;0;0;10;0;0;2;53;1;3250
0;0;0;1;0;0;0;16;0;0;1;51;1;3250
0;0;0;0;0;1;0;9;0;0;4;73.4;1;3250
0;0;0;0;0;1;0;9;0;0;3;73;1;3250
0;0;0;1;0;0;0;5;0;1;3;65.8;0;3250
0;0;0;0;0;1;0;9;0;0;3;68;1;3250
0;0;0;1;0;0;0;10;0;0;2;56;1;3250
0;0;0;0;1;0;0;15;0;0;2;50;1;3250
0;1;0;1;0;0;0;16;0;0;2;57;1;3252
0;1;0;1;0;0;0;4;0;1;3;64;1;3260
0;1;0;1;0;0;0;9;0;0;1;49.3;1;3280
0;0;1;0;1;0;0;7;0;0;1;47;0;3280
0;0;1;0;0;1;0;9;0;1;5;100;0;3280
0;0;0;0;0;1;0;9;0;0;3;68;1;3280
0;1;0;0;1;0;0;12;0;0;1;39.4;1;3290
0;0;1;1;0;0;0;5;0;0;3;58;1;3290
0;0;1;1;0;0;0;6;0;0;2;62;1;3290
0;0;0;0;0;1;0;9;0;0;3;68;1;3290
1;0;0;0;1;0;0;17;0;1;2;58.5;1;3300
1;0;0;0;0;1;0;5;0;0;3;62;1;3300
1;0;0;1;0;0;0;13;1;0;2;62.7;1;3300
0;1;0;0;1;0;0;16;0;0;2;55;1;3300
0;1;0;1;0;0;0;9;0;1;2;65.4;0;3300
0;1;0;1;0;0;0;4;0;0;3;52;0;3300
0;1;0;0;1;0;0;16;0;0;1;40;1;3300
0;1;0;1;0;0;0;5;0;0;3;58;1;3300
0;1;0;0;1;0;0;17;0;0;1;44.97;1;3300
0;1;0;0;1;0;0;16;0;0;1;50;0;3300
0;1;0;0;1;0;0;12;0;1;1;49;1;3300
0;1;0;1;0;0;0;5;0;0;3;57;1;3300
0;1;0;0;0;1;0;5;0;0;3;54.5;1;3300
0;1;0;0;1;0;0;9;0;0;1;42;1;3300
0;1;0;0;1;0;0;9;0;0;1;42;1;3300
0;0;1;1;0;0;0;5;0;0;2;44;1;3300
0;0;1;1;0;0;0;3;0;1;2;43.6;0;3300
0;0;1;1;0;0;0;5;0;0;2;50;1;3300
0;0;1;1;0;0;0;4;0;0;3;52;1;3300
0;0;1;1;0;0;0;4;0;1;2;53;0;3300
0;0;1;0;0;1;0;9;0;1;5;86.9;0;3300
0;0;0;0;1;0;0;9;0;0;1;51;1;3300
0;0;0;1;0;0;0;5;0;1;2;51;1;3300
0;0;0;0;1;0;0;17;0;0;2;47;1;3300
0;0;0;0;0;1;0;9;0;0;3;67;1;3300
0;0;0;0;0;1;0;5;0;0;3;58;1;3300
0;0;0;0;0;0;0;5;1;0;3;60.8;0;3300
0;0;0;0;0;1;0;9;0;0;3;67;1;3300
0;1;0;1;0;0;0;16;0;0;2;58;1;3308
0;1;0;0;0;0;0;16;0;0;2;60.02;0;3313
0;1;0;1;0;0;0;9;0;0;1;47;1;3320
0;1;0;0;1;0;0;16;0;0;3;63;1;3330
0;0;0;0;1;0;0;9;0;0;1;41;1;3330
1;0;0;0;0;1;0;5;0;0;2;44;1;3350
1;0;0;0;0;1;0;5;0;0;3;59.2;1;3350
1;0;0;0;0;1;0;5;0;0;3;59.8;1;3350
0;1;0;1;0;0;0;9;1;0;2;56;1;3350
0;1;0;0;1;0;0;16;0;0;1;41;1;3350
0;1;0;1;0;0;0;15;0;0;1;43;1;3350
0;1;0;1;0;0;0;16;0;0;1;43;1;3350
0;1;0;0;1;0;0;16;0;0;1;45.6;1;3350
0;1;0;1;0;0;0;16;0;0;2;52;1;3350
0;1;0;0;1;0;0;10;0;0;1;51;1;3350
0;1;0;0;0;1;0;9;0;1;2;48;0;3350
0;1;0;0;0;1;0;9;0;1;2;48;1;3350
0;1;0;0;1;0;0;9;0;0;1;42.8;1;3350
0;0;1;0;0;1;0;5;1;0;3;58.5;0;3350
0;0;1;1;0;0;0;5;0;0;3;58;1;3350
0;0;1;1;0;0;0;5;0;0;2;44;0;3350
0;0;1;1;0;0;0;5;1;0;3;60;0;3350
0;0;1;0;0;1;0;5;0;1;3;44.3;1;3350
0;0;0;1;0;0;0;8;0;0;2;62;1;3350
0;0;0;0;0;0;0;5;0;0;3;58;1;3350
0;0;0;0;1;0;0;16;0;1;2;56.9;1;3350
0;0;0;0;0;1;0;9;0;0;3;70;1;3350
0;0;0;0;0;1;0;9;0;0;2;48;1;3350
0;0;0;1;0;0;0;5;0;0;3;59;1;3350
0;0;0;0;0;1;0;5;0;0;3;60;1;3350
0;0;0;0;0;1;0;9;0;0;3;68;1;3350
0;1;0;1;0;0;0;4;0;1;3;61.8;0;3380
0;0;0;1;0;0;0;5;1;0;3;64;0;3390
0;0;0;1;0;0;0;5;0;1;3;63.4;1;3390
0;0;0;1;0;0;0;10;0;0;2;48;1;3390
0;0;0;0;0;1;0;9;0;1;4;74;1;3395
1;0;0;0;1;0;0;11;0;0;2;57.7;1;3400
1;0;0;1;0;0;0;10;0;0;3;70.4;1;3400
1;0;0;0;0;1;0;9;0;0;3;67;1;3400
0;1;0;1;0;0;0;5;0;0;4;63.5;1;3400
0;1;0;0;1;0;0;14;0;0;1;58.7;1;3400
0;1;0;1;0;0;0;4;0;0;3;53.7;0;3400
0;1;0;0;0;1;0;5;0;1;3;60;1;3400
0;1;0;0;1;0;0;10;0;0;2;58;1;3400
0;1;0;1;0;0;0;5;0;0;3;56;1;3400
0;1;0;0;0;1;0;5;1;0;3;60;0;3400
0;1;0;0;0;0;0;3;0;1;2;55;1;3400
0;1;0;0;0;0;0;15;1;0;2;67;1;3400
0;1;0;0;1;0;0;16;0;0;1;48;1;3400
0;1;0;0;0;1;0;4;0;1;3;64.3;1;3400
0;0;1;0;0;1;0;9;0;1;4;89;1;3400
0;0;1;0;0;1;0;5;1;0;3;63;1;3400
0;0;0;1;0;0;0;5;1;0;2;50.2;1;3400
0;0;0;0;0;1;0;5;0;1;3;62;1;3400
0;0;0;0;0;1;0;5;0;0;3;61.1;1;3400
0;0;0;0;1;0;0;16;0;0;1;44;1;3400
0;1;0;0;0;1;0;10;0;0;2;55.7;0;3420
0;0;1;0;1;0;0;3;0;1;2;84.36;0;3425
0;0;0;0;1;0;0;10;1;0;2;64;1;3430
0;1;0;0;1;0;0;2;1;0;3;81.7;0;3449
1;0;0;1;0;0;0;4;0;1;3;68.5;0;3450
1;0;0;0;0;0;0;9;0;0;2;50;1;3450
1;0;0;0;0;0;0;9;0;0;2;70.8;1;3450
0;1;0;0;0;1;0;5;0;0;3;60.5;1;3450
0;1;0;1;0;0;0;9;0;1;1;47;1;3450
0;1;0;0;1;0;0;15;0;0;1;48;1;3450
0;0;0;0;1;0;0;10;0;0;2;56;1;3450
0;0;0;1;0;0;0;9;0;0;2;56;1;3450
0;0;0;0;0;1;0;9;0;0;2;51;1;3450
0;0;0;1;0;0;0;5;1;0;3;70;0;3450
0;1;0;0;1;0;0;16;0;0;1;38.3;1;3470
0;1;0;0;0;1;0;10;0;0;2;60;1;3470
0;1;0;0;0;1;0;5;0;1;3;65.9;1;3480
0;1;0;1;0;0;0;9;0;0;2;60;0;3480
0;1;0;1;0;0;0;5;0;1;3;64;1;3480
0;0;1;1;0;0;0;10;0;0;2;64;1;3480
0;0;0;0;1;0;0;9;0;0;2;56.6;1;3490
0;1;0;1;0;0;0;5;0;0;3;64;1;3495
0;1;0;0;0;1;0;5;1;0;3;58.1;0;3495
1;0;0;1;0;0;0;5;0;0;3;76.6;1;3500
1;0;0;0;0;1;0;9;0;0;5;86.3;0;3500
1;0;0;0;0;1;0;5;0;0;4;60;1;3500
1;0;0;0;1;0;0;16;0;0;3;78;1;3500
0;1;0;1;0;0;0;12;0;0;1;46;1;3500
0;1;0;1;0;0;0;17;0;0;1;44.3;1;3500
0;1;0;1;0;0;0;16;0;0;1;48;1;3500
0;1;0;1;0;0;0;4;0;1;4;91.9;0;3500
0;1;0;1;0;0;0;9;0;0;1;45.1;1;3500
0;1;0;0;1;0;0;14;0;0;1;43.2;1;3500
0;1;0;0;1;0;0;13;0;0;1;46.1;1;3500
0;1;0;0;0;1;0;5;1;0;3;58;0;3500
0;1;0;0;0;1;0;9;0;0;3;67;1;3500
0;1;0;0;0;1;0;5;0;1;3;61.2;1;3500
0;1;0;1;0;0;0;10;1;0;2;67.1;0;3500
0;1;0;1;0;0;0;9;0;0;3;67.4;1;3500
0;0;1;1;0;0;0;5;1;0;3;64;1;3500
0;0;1;1;0;0;0;1;1;1;3;54.1;0;3500
0;0;1;1;0;0;0;4;0;1;1;36;0;3500
0;0;1;0;1;0;0;16;0;0;1;45.4;1;3500
0;0;1;0;0;1;0;5;0;0;3;60.8;1;3500
0;0;0;0;1;0;0;16;0;0;1;50.58;1;3500
0;0;0;0;1;0;0;7;1;0;2;70;1;3500
0;0;0;0;0;1;0;9;0;0;3;66.9;1;3500
0;0;0;1;0;0;0;5;0;0;3;57.2;1;3500
0;0;0;0;0;1;0;9;0;0;3;68.7;1;3500
0;1;0;0;0;0;0;16;0;0;3;59.3;0;3510
0;1;0;0;0;0;0;16;0;0;3;58.9;0;3516
1;0;0;0;0;1;0;9;0;0;2;24;1;3520
0;0;0;0;1;0;0;12;0;0;1;42.7;1;3545
1;0;0;1;0;0;0;5;0;0;3;63;1;3550
0;1;0;0;0;1;0;5;1;0;3;60.3;1;3550
0;1;0;0;1;0;0;9;0;0;1;49;1;3550
0;1;0;0;1;0;0;9;0;0;1;47;1;3550
0;1;0;1;0;0;0;5;0;0;3;66;1;3550
0;1;0;0;1;0;0;12;0;0;1;40;1;3550
0;1;0;0;0;1;0;9;0;0;3;69;1;3550
0;1;0;1;0;0;0;5;0;0;3;56;0;3550
0;0;1;1;0;0;0;5;0;0;3;64;1;3550
0;0;0;0;1;0;0;10;0;0;2;63.8;1;3550
0;0;0;0;0;1;0;5;0;0;3;61;1;3550
0;0;0;1;0;0;0;13;0;0;3;57;0;3550
0;0;0;0;0;0;0;9;0;1;2;58.1;1;3550
0;0;0;0;0;1;0;5;0;1;4;60;1;3550
0;0;0;0;1;0;0;12;0;0;2;59;1;3550
0;0;0;0;1;0;0;16;0;0;2;61.9;1;3550
0;0;0;0;1;0;0;10;0;0;2;63.8;1;3550
0;0;0;0;1;0;0;16;0;0;2;50;1;3550
0;0;0;1;0;0;0;17;0;0;2;47;1;3550
0;0;0;1;0;0;0;9;0;0;2;61.7;1;3550
1;0;0;1;0;0;0;5;0;0;3;66;0;3570
0;1;0;0;1;0;0;15;0;0;1;54;1;3570
0;1;0;0;1;0;0;14;0;0;2;42.8;0;3570
0;1;0;1;0;0;0;5;0;1;3;63.7;1;3570
0;0;1;1;0;0;0;5;0;1;2;46.3;1;3580
0;1;0;1;0;0;0;5;0;0;3;64.8;1;3590
0;0;1;1;0;0;0;10;0;1;3;67;0;3590
0;0;0;1;0;0;0;5;0;0;3;62.1;1;3590
0;1;0;0;0;1;0;10;0;0;2;56;0;3599
0;0;0;0;1;0;0;16;0;0;2;56.9;1;3599
1;0;0;0;1;0;0;12;0;0;3;71.8;1;3600
0;1;0;0;0;1;0;5;1;0;3;60.7;0;3600
0;1;0;1;0;0;0;10;0;0;2;56;1;3600
0;1;0;1;0;0;0;5;0;0;3;71;1;3600
0;1;0;1;0;0;0;5;1;0;3;64;1;3600
0;1;0;0;0;0;0;16;0;0;2;54;1;3600
0;1;0;1;0;0;0;3;0;0;3;70;0;3600
0;1;0;1;0;0;0;4;0;1;4;60;1;3600
0;1;0;1;0;0;0;5;0;0;3;67;1;3600
0;1;0;0;0;1;0;10;0;1;3;71.2;0;3600
0;1;0;1;0;0;0;5;0;0;3;62.5;1;3600
0;1;0;1;0;0;0;5;0;0;3;63;1;3600
0;1;0;1;0;0;0;5;0;0;3;60;1;3600
0;1;0;0;0;1;0;5;0;0;3;60.3;1;3600
0;0;1;0;0;0;0;3;0;1;3;85;1;3600
0;0;1;0;1;0;0;16;0;0;2;50;1;3600
0;0;1;0;0;1;0;5;0;1;4;78;1;3600
0;0;1;1;0;0;0;5;1;0;3;53;0;3600
0;0;0;1;0;0;0;5;0;0;4;65;1;3600
0;0;0;0;1;0;0;16;0;0;2;56.9;1;3600
0;0;0;0;0;1;0;5;1;0;3;59.9;0;3600
0;0;0;1;0;0;0;5;0;1;3;63.3;1;3600
0;0;0;0;1;0;0;9;0;0;2;50;1;3600
0;0;0;1;0;0;0;6;0;0;2;56.9;1;3600
0;0;0;0;1;0;0;9;0;0;2;61.5;1;3600
0;0;0;0;0;1;0;9;1;0;4;73.3;1;3600
0;0;0;0;1;0;0;12;1;0;2;66.2;1;3600
0;1;0;0;1;0;0;17;0;0;3;69.22;1;3618
0;0;0;0;1;0;0;9;0;0;2;66.03;1;3625
0;0;0;0;1;0;0;10;0;0;2;53;1;3630
0;0;1;0;1;0;0;17;0;0;3;77.55;1;3644
0;1;0;1;0;0;0;5;0;0;4;63.5;1;3650
0;1;0;0;1;0;0;16;0;0;1;49.88;1;3650
0;1;0;0;0;1;0;4;0;0;3;59;1;3650
0;0;1;1;0;0;0;4;1;0;2;66.7;0;3650
0;0;1;1;0;0;0;17;0;0;3;78;1;3650
0;0;0;0;0;0;0;5;0;0;2;49.4;1;3650
0;0;0;1;0;0;0;9;1;0;3;70.4;0;3650
0;0;0;1;0;0;0;6;0;0;2;58;1;3650
0;0;0;1;0;0;0;5;0;0;3;66;1;3650
0;0;0;1;0;0;0;5;0;0;3;66;1;3650
0;0;0;0;0;1;0;9;0;0;3;68;1;3650
0;0;1;0;1;0;0;17;0;0;3;77.86;1;3659
0;1;0;1;0;0;0;5;0;0;3;64.3;1;3680
0;1;0;0;1;0;0;15;0;0;2;71;1;3685
0;0;1;0;0;1;0;7;0;0;3;60;1;3690
0;0;1;0;0;1;0;5;0;0;3;58.5;1;3699
0;0;1;1;0;0;0;5;0;0;2;51.9;1;3699
1;0;0;0;1;0;0;11;0;0;3;80;1;3700
1;0;0;0;0;1;0;5;0;0;4;84;1;3700
0;1;0;0;1;0;0;16;0;1;1;45.4;1;3700
0;1;0;1;0;0;0;5;1;0;3;61.7;1;3700
0;1;0;1;0;0;0;5;0;0;3;61.8;1;3700
0;1;0;1;0;0;0;5;0;0;3;65;1;3700
0;0;1;1;0;0;0;5;0;1;3;62.1;1;3700
0;0;1;0;1;0;0;19;0;0;2;68;1;3700
0;0;0;0;1;0;0;12;0;0;2;63;1;3700
1;0;0;0;0;1;0;5;0;0;3;73;1;3740
0;0;0;0;1;0;0;16;0;0;2;66;1;3740
1;0;0;0;1;0;0;12;0;0;3;71;0;3750
1;0;0;0;0;1;0;9;0;0;2;60;1;3750
1;0;0;1;0;0;0;9;0;0;3;75;0;3750
0;1;0;1;0;0;0;5;0;1;3;60;1;3750
0;1;0;1;0;0;0;5;0;0;3;68;1;3750
0;1;0;0;1;0;0;15;1;0;3;78.95;1;3750
0;1;0;0;0;1;0;9;0;0;3;68;1;3750
0;1;0;1;0;0;0;12;0;0;1;48.17;1;3750
0;0;0;0;1;0;0;18;0;0;2;64.5;1;3750
0;0;0;0;0;1;0;9;0;0;3;75;1;3750
0;0;0;0;0;1;0;9;1;0;3;68.1;1;3750
0;0;0;1;0;0;0;5;0;1;3;64;1;3750
0;0;0;0;0;1;0;9;0;0;3;68;1;3750
0;1;0;0;1;0;0;15;0;0;3;78;1;3780
0;0;0;1;0;0;0;12;0;0;2;64;1;3780
1;0;0;0;0;1;0;9;0;0;4;78;1;3800
1;0;0;1;0;0;0;5;0;0;3;64.5;1;3800
1;0;0;1;0;0;0;5;0;0;3;64;1;3800
0;1;0;1;0;0;0;9;0;0;3;95;0;3800
0;1;0;0;1;0;0;18;0;1;2;58;1;3800
0;1;0;0;1;0;0;16;0;0;1;46;0;3800
0;1;0;0;0;1;0;9;0;0;3;67;1;3800
0;1;0;0;1;0;0;9;0;0;2;64;1;3800
0;1;0;0;1;0;0;9;0;0;2;62;1;3800
0;0;1;1;0;0;0;3;0;1;3;55.1;0;3800
0;0;0;1;0;0;0;5;0;0;3;64.2;1;3800
0;0;0;0;0;1;0;9;0;0;3;69.7;1;3800
0;0;0;0;0;1;0;9;1;0;3;77.2;1;3800
0;0;0;1;0;0;0;16;0;0;2;65;0;3800
0;0;0;0;0;1;0;5;0;1;5;103;1;3800
0;0;0;0;0;1;0;9;0;0;3;68;1;3800
0;0;0;0;0;1;0;9;0;0;3;67;1;3800
1;0;0;0;1;0;0;17;0;0;3;73.2;1;3850
1;0;0;0;0;0;0;9;1;0;4;111;1;3850
0;1;0;0;1;0;0;15;0;0;2;65;0;3850
0;1;0;0;1;0;0;16;0;0;2;45;1;3850
0;1;0;1;0;0;0;5;0;1;3;70;0;3850
0;1;0;0;1;0;0;7;0;0;1;47;1;3850
0;1;0;1;0;0;0;9;1;0;2;50;1;3850
0;1;0;0;1;0;0;10;0;0;2;57;1;3850
0;0;1;1;0;0;0;4;0;0;2;52.2;1;3850
0;0;1;1;0;0;0;3;0;1;3;85;0;3850
0;0;1;0;1;0;0;15;0;0;3;81;1;3850
0;1;0;0;1;0;0;15;0;0;2;51.5;1;3860
0;0;0;1;0;0;0;9;0;0;2;54.7;1;3870
0;1;0;0;1;0;0;15;0;1;2;69.6;1;3880
0;0;1;0;1;0;0;9;0;0;3;88.9;1;3880
0;0;1;0;0;1;0;10;0;0;3;96.8;1;3880
0;0;1;1;0;0;0;5;0;0;4;64.2;0;3880
0;0;0;0;0;0;0;5;0;0;3;78.5;1;3880
0;0;0;1;0;0;0;16;0;0;2;52;1;3890
0;1;0;0;1;0;0;17;0;0;2;65.24;1;3899
1;0;0;0;1;0;0;9;0;1;3;78;1;3900
0;1;0;1;0;0;0;3;0;1;3;77.3;0;3900
0;1;0;0;0;1;0;9;1;0;3;62;0;3900
0;1;0;1;0;0;0;16;0;0;2;61;1;3900
0;1;0;0;1;0;0;16;0;0;2;62;1;3900
0;1;0;1;0;0;0;15;0;0;2;44.2;1;3900
0;1;0;0;0;1;0;9;0;1;3;67.1;1;3900
0;1;0;0;1;0;0;16;0;0;2;55;1;3900
0;1;0;1;0;0;0;15;0;0;2;63.7;1;3900
0;0;1;1;0;0;0;5;1;0;3;63;1;3900
0;0;1;1;0;0;0;5;0;1;3;57;1;3900
0;0;0;0;0;1;0;9;0;0;4;71;0;3900
0;0;0;1;0;0;0;5;0;0;3;64;1;3900
0;1;0;0;0;0;0;16;0;0;2;62;1;3910
1;0;0;1;0;0;0;4;0;0;3;76;1;3950
1;0;0;1;0;0;0;5;0;1;4;78;0;3950
1;0;0;0;0;1;0;9;0;0;5;102.7;1;3950
0;1;0;0;1;0;0;19;0;0;3;72.3;1;3950
0;1;0;1;0;0;0;16;0;0;2;61;1;3950
0;1;0;0;1;0;0;9;0;0;2;62;1;3950
0;0;0;0;1;0;0;10;0;1;2;65.2;1;3950
0;0;0;0;0;0;0;10;0;0;2;63;1;3950
0;0;0;0;1;0;0;6;0;0;3;63;1;3950
0;0;0;1;0;0;0;6;0;0;3;64;1;3950
0;0;0;0;0;1;0;9;0;0;3;68;1;3950
1;0;0;0;0;1;0;7;0;1;3;67;1;3970
0;1;0;1;0;0;0;6;1;0;3;92;1;3980
0;1;0;0;1;0;0;16;0;0;2;67.99;1;3987
0;1;0;1;0;0;0;4;0;1;3;59;1;3990
0;1;0;0;1;0;0;10;0;0;2;85;1;3990
0;1;0;0;0;1;0;5;0;0;3;60;1;3990
0;0;1;1;0;0;0;3;0;1;2;65;0;3990
0;0;0;0;1;0;0;17;0;0;2;53;0;3990
0;0;0;0;1;0;0;16;0;0;2;60;0;3990
0;1;0;0;1;0;0;16;0;0;2;52.1;0;3999
0;1;0;1;0;0;0;3;1;0;2;73;0;4000
0;1;0;1;0;0;0;33;1;0;3;73.5;0;4000
0;1;0;1;0;0;0;3;1;0;3;74;0;4000
0;1;0;0;0;1;0;9;1;0;3;66.8;1;4000
0;1;0;0;1;0;0;17;0;0;3;72;1;4000
0;1;0;1;0;0;0;15;0;0;2;67;1;4000
0;1;0;0;0;1;0;5;0;0;3;61;1;4000
0;1;0;0;1;0;0;16;0;0;2;58;1;4000
0;0;1;1;0;0;0;3;0;1;2;65;0;4000
0;0;1;0;1;0;0;12;1;0;3;104;1;4000
0;0;1;0;0;1;0;5;0;1;2;45;1;4000
0;0;0;1;0;0;0;6;0;0;2;63;1;4000
0;0;0;0;1;0;0;9;0;0;2;72;1;4000
0;0;0;1;0;0;0;10;0;1;3;61.7;1;4000
0;0;0;0;0;1;0;9;0;0;3;74.1;1;4000
0;0;0;1;0;0;0;9;0;0;3;59.3;1;4000
0;1;0;0;1;0;0;15;0;0;3;78;1;4010
0;1;0;0;1;0;0;17;0;0;3;78;1;4010
0;1;0;0;0;1;0;9;0;0;3;65.2;1;4050
0;1;0;0;1;0;0;16;0;0;2;59;1;4050
0;1;0;0;0;1;0;5;0;0;3;67;1;4050
0;1;0;0;1;0;0;16;0;0;2;62;1;4050
0;0;1;1;0;0;0;2;0;1;1;31;0;4050
0;0;1;1;0;0;0;5;0;0;4;72;1;4050
0;0;0;0;0;1;0;9;0;0;3;68;1;4050
0;0;0;0;1;0;0;12;0;0;2;68.8;1;4050
0;1;0;0;1;0;0;9;0;0;3;81;1;4080
1;0;0;1;0;0;0;4;0;0;3;71.7;1;4090
0;1;0;0;0;0;0;17;0;0;2;63.5;0;4095
0;1;0;0;1;0;0;16;0;0;1;48;1;4100
0;1;0;1;0;0;0;15;0;0;2;82.52;0;4100
0;1;0;0;1;0;0;17;0;0;4;82;1;4100
0;1;0;1;0;0;0;15;0;0;2;63;1;4100
0;1;0;1;0;0;0;9;0;1;2;56.6;1;4100
0;1;0;0;0;1;0;9;0;0;3;67;1;4100
0;1;0;0;0;1;0;10;0;1;3;74;1;4100
0;1;0;1;0;0;0;15;0;0;2;64.1;1;4100
0;1;0;0;1;0;0;16;0;0;2;58;1;4100
0;0;1;0;0;0;1;2;0;1;3;71.7;1;4100
0;0;1;1;0;0;0;9;0;0;2;62.1;1;4100
0;0;0;0;0;1;0;9;0;0;3;68;1;4100
0;0;0;0;1;0;0;17;0;0;3;60;1;4100
0;0;0;0;0;1;0;5;1;0;4;95;0;4100
0;0;0;0;1;0;0;9;0;0;2;58.3;1;4100
0;0;0;0;0;0;0;4;1;0;3;76;0;4100
0;0;0;0;0;1;0;9;0;0;4;95;1;4100
0;1;0;0;0;0;0;16;0;0;4;76.13;0;4103
0;1;0;0;0;1;0;9;0;1;3;67;1;4123
0;1;0;0;1;0;0;9;1;0;2;60.4;1;4150
0;1;0;1;0;0;0;15;0;0;2;69;1;4150
0;1;0;1;0;0;0;5;0;1;3;63;1;4150
0;0;1;0;1;0;0;7;0;0;2;53;1;4180
0;0;0;1;0;0;0;5;0;0;2;69;1;4180
1;0;0;1;0;0;0;12;0;0;3;80;1;4200
0;1;0;1;0;0;0;17;0;0;2;68;1;4200
0;1;0;0;1;0;0;9;1;0;3;96;1;4200
0;1;0;1;0;0;0;11;0;0;2;55;0;4200
0;1;0;1;0;0;0;16;0;1;2;69.7;1;4200
0;1;0;0;1;0;0;16;0;0;2;50;1;4200
0;1;0;1;0;0;0;5;0;0;4;119.9;1;4200
0;1;0;0;0;1;0;9;0;0;3;63;1;4200
0;1;0;1;0;0;0;5;0;0;3;62.6;1;4200
0;1;0;1;0;0;0;5;0;1;4;70;1;4200
0;1;0;0;1;0;0;9;0;0;2;51.4;0;4200
0;1;0;0;0;1;0;9;0;0;3;68.8;1;4200
0;0;1;0;0;1;0;5;0;1;4;82;1;4200
0;0;0;1;0;0;0;9;1;0;3;78.6;1;4200
0;0;0;1;0;0;0;16;0;0;2;65.8;1;4200
0;0;0;0;1;0;0;17;0;0;2;60;1;4200
0;0;0;1;0;0;0;9;0;0;2;72;0;4200
0;0;0;0;1;0;0;12;0;0;2;57;1;4200
0;0;0;0;0;1;0;9;0;0;3;66.6;1;4200
0;0;0;1;0;0;0;9;0;1;3;70.2;1;4225
0;1;0;0;1;0;0;16;0;0;2;63;0;4240
1;0;0;0;0;1;0;9;0;0;3;66;1;4250
0;1;0;0;0;1;0;9;0;0;3;72;1;4250
0;1;0;1;0;0;0;4;0;1;4;64.8;1;4250
0;1;0;0;1;0;0;15;0;0;2;58;1;4250
0;1;0;1;0;0;0;5;0;0;3;82;1;4250
0;0;0;1;0;0;0;5;0;0;3;71;0;4250
0;0;0;0;0;0;0;5;0;0;4;78;1;4250
0;0;1;1;0;0;0;4;0;0;3;73;0;4299
1;0;0;1;0;0;0;4;0;0;3;76;0;4300
1;0;0;0;1;0;0;9;0;0;3;84.2;1;4300
0;1;0;0;1;0;0;14;0;0;2;73;1;4300
0;1;0;1;0;0;0;8;0;0;2;47.3;0;4300
0;1;0;0;1;0;0;16;0;0;2;71;1;4300
0;1;0;0;1;0;0;12;0;0;1;39;0;4300
0;1;0;1;0;0;0;5;0;0;2;55;1;4300
0;1;0;1;0;0;0;4;1;0;3;52;0;4300
0;0;1;1;0;0;0;5;0;1;3;73;0;4300
0;0;1;1;0;0;0;5;0;0;2;54;1;4300
0;1;0;1;0;0;0;4;0;0;3;63;1;4350
0;1;0;0;0;1;0;9;0;0;3;67.5;1;4350
0;1;0;1;0;0;0;6;0;0;4;84.8;1;4350
0;1;0;0;0;0;0;17;0;0;3;70.23;0;4361
0;1;0;1;0;0;0;2;1;0;3;78.1;0;4390
0;1;0;1;0;0;0;5;0;1;4;70.2;1;4390
0;1;0;0;0;1;0;9;0;1;3;68;1;4400
0;1;0;0;1;0;0;15;0;0;2;71;1;4400
0;1;0;0;1;0;0;12;0;0;1;51.7;1;4400
0;1;0;1;0;0;0;9;1;0;3;80.2;1;4400
0;1;0;1;0;0;0;10;0;0;2;59;1;4400
0;1;0;0;0;1;0;10;0;0;3;78;1;4400
0;0;1;1;0;0;0;3;0;0;4;86;0;4400
0;0;1;1;0;0;0;5;1;0;4;81.2;1;4400
0;1;0;0;1;0;0;9;0;0;2;69;1;4450
0;1;0;0;1;0;0;9;0;0;2;63.3;1;4450
0;0;0;0;1;0;0;16;0;0;2;59;1;4490
0;1;0;1;0;0;0;5;0;1;4;62;1;4500
0;1;0;1;0;0;0;10;0;0;2;56.8;1;4500
0;1;0;0;1;0;0;10;0;0;2;65.5;1;4500
0;1;0;0;1;0;0;16;0;0;2;63.8;1;4500
0;1;0;0;1;0;0;17;0;0;2;69.7;1;4500
0;1;0;0;1;0;0;9;0;0;3;75.6;1;4500
0;1;0;0;1;0;0;9;0;0;2;76;1;4500
0;1;0;0;1;0;0;9;0;0;2;58.8;1;4500
0;1;0;0;1;0;0;9;0;0;2;62.3;1;4500
0;0;1;0;1;0;0;8;0;0;2;55;0;4500
0;0;1;0;1;0;0;10;0;0;1;51.4;1;4500
0;0;1;1;0;0;0;5;0;0;2;66;1;4500
0;0;1;1;0;0;0;7;0;1;3;94;0;4500
0;0;0;1;0;0;0;5;1;0;4;87;0;4500
0;0;0;0;1;0;0;17;0;0;2;64;1;4500
0;0;0;1;0;0;0;9;1;0;2;80.1;1;4530
0;1;0;0;1;0;0;9;0;0;2;50;0;4550
0;1;0;0;1;0;0;9;0;0;2;60;1;4550
0;1;0;0;1;0;0;9;0;0;3;76;1;4550
0;1;0;0;1;0;0;9;0;0;3;98;1;4550
0;1;0;0;1;0;0;16;0;0;2;69;1;4550
0;1;0;1;0;0;0;9;1;0;3;82;1;4550
0;1;0;0;0;1;0;10;0;0;3;73;1;4550
0;0;0;1;0;0;0;5;0;0;4;96;1;4550
0;1;0;0;1;0;0;14;0;0;2;94;1;4560
0;1;0;0;0;1;0;9;0;0;5;86;1;4570
0;1;0;1;0;0;0;9;0;0;2;70;1;4580
0;1;0;0;1;0;0;9;0;0;2;63;1;4590
0;0;0;1;0;0;0;6;0;1;3;68.6;0;4590
1;0;0;0;0;1;0;5;1;0;4;95;1;4600
0;1;0;0;1;0;0;9;0;1;1;40;1;4600
0;1;0;0;0;1;0;9;0;0;3;67;1;4600
0;1;0;1;0;0;0;9;0;0;2;67.4;1;4600
0;1;0;1;0;0;0;16;0;0;2;72;1;4600
0;1;0;0;1;0;0;10;0;1;3;83;1;4600
0;1;0;1;0;0;0;9;0;0;2;58;1;4600
0;0;1;1;0;0;0;5;0;0;3;75;1;4600
0;0;1;0;1;0;0;13;0;0;2;60;1;4600
0;0;1;0;1;0;0;13;0;0;2;60;1;4600
0;0;0;0;0;1;0;9;0;0;4;87.6;1;4600
0;0;0;1;0;0;0;3;0;1;4;94.1;1;4600
0;0;0;0;1;0;0;16;0;0;2;60;0;4600
0;0;0;0;0;1;0;5;0;0;4;94;1;4600
0;0;0;1;0;0;0;9;0;0;3;69.8;1;4635
0;1;0;0;1;0;0;16;0;0;2;51;1;4650
0;1;0;1;0;0;0;11;0;0;3;87.9;0;4650
0;1;0;0;1;0;0;9;0;0;2;63;0;4650
0;1;0;0;0;0;0;17;0;0;3;74.46;0;4653
0;1;0;0;0;0;0;17;0;0;3;74.46;0;4653
0;0;0;1;0;0;0;6;0;1;4;96.1;1;4655
0;1;0;1;0;0;0;16;0;0;2;70;1;4670
0;1;0;0;1;0;0;15;0;0;2;94;1;4670
0;1;0;0;0;0;0;3;0;1;2;73;1;4700
0;1;0;1;0;0;0;6;0;0;2;87;1;4700
0;1;0;1;0;0;0;8;0;0;2;65.7;1;4700
0;1;0;0;1;0;0;12;0;0;2;60;1;4700
0;0;1;0;1;0;0;10;0;0;2;62;1;4700
0;0;0;0;1;0;0;16;0;1;2;58;0;4700
0;1;0;1;0;0;0;6;1;0;3;85.6;1;4750
0;1;0;0;1;0;0;16;0;0;2;64;1;4780
0;1;0;1;0;0;0;5;0;0;3;72;1;4780
0;1;0;1;0;0;0;5;0;0;3;73;1;4800
0;1;0;0;1;0;0;16;0;0;2;69;1;4800
0;1;0;1;0;0;0;9;0;0;3;81;1;4800
0;1;0;0;0;1;0;10;0;0;4;85.2;1;4800
0;1;0;1;0;0;0;15;0;0;3;110.3;1;4800
0;1;0;1;0;0;0;6;0;0;2;74;1;4800
0;1;0;0;1;0;0;9;0;0;2;67;1;4800
0;1;0;0;1;0;0;9;0;0;2;62;1;4800
0;1;0;1;0;0;0;5;0;0;4;90;1;4800
0;0;0;1;0;0;0;5;0;0;2;82;1;4800
0;0;0;0;1;0;0;10;0;0;3;108.1;0;4800
0;0;0;1;0;0;0;15;0;0;3;68.9;1;4800
0;0;0;0;1;0;0;12;0;0;2;69.3;1;4800
0;0;0;1;0;0;0;12;0;0;2;82;1;4800
0;0;0;0;1;0;0;12;0;0;2;58.6;1;4800
0;1;0;0;1;0;0;9;0;0;2;63;1;4830
0;1;0;0;1;0;0;10;0;0;2;65;1;4850
0;1;0;1;0;0;0;5;0;0;3;74.2;1;4850
0;1;0;0;1;0;0;9;0;1;2;69;1;4860
0;1;0;1;0;0;0;5;1;0;3;64;1;4890
0;1;0;1;0;0;0;9;0;1;3;95.9;1;4900
0;1;0;0;0;1;0;9;1;0;4;89;0;4900
0;1;0;0;1;0;0;13;0;0;2;94;1;4900
0;1;0;0;1;0;0;15;0;0;3;78;1;4900
0;0;1;0;0;1;0;5;0;1;3;59.6;1;4900
0;1;0;0;1;0;0;15;0;0;2;56.6;1;4950
0;1;0;0;1;0;0;9;0;1;3;74.1;1;4950
0;0;1;0;0;1;0;5;0;1;3;75;0;4950
0;0;1;0;1;0;0;9;0;0;3;69;1;4950
0;0;0;0;1;0;0;9;0;0;3;86;1;4990
0;1;0;1;0;0;0;5;0;0;3;90.3;1;4999
0;0;0;0;0;0;0;4;0;1;5;112;1;4999
1;0;0;1;0;0;0;9;1;0;3;90;1;5000
0;1;0;1;0;0;0;6;1;0;2;61;0;5000
0;1;0;0;1;0;0;13;0;0;3;91.78;1;5000
0;1;0;0;1;0;0;16;0;0;3;82.3;1;5000
0;1;0;1;0;0;0;5;0;0;4;78;1;5000
0;0;0;0;1;0;0;10;1;0;3;91.3;1;5000
0;0;0;0;0;1;0;5;0;1;4;100;1;5000
0;0;0;0;0;1;0;5;0;1;4;100;1;5000
0;0;0;0;0;1;0;9;1;0;4;86.7;1;5000
0;0;0;0;0;1;0;5;1;0;4;98;1;5000
0;0;0;0;1;0;0;9;1;0;3;78.1;1;5000
0;1;0;1;0;0;0;7;0;0;3;79;1;5050
0;1;0;1;0;0;0;9;0;1;3;78;1;5050
0;0;0;0;0;0;0;4;0;1;3;102;1;5050
0;1;0;0;1;0;0;9;0;0;3;82;1;5090
0;1;0;1;0;0;0;5;0;0;2;56.7;1;5100
0;1;0;0;1;0;0;15;0;1;3;86;0;5100
0;1;0;1;0;0;0;5;0;0;3;70;1;5100
0;1;0;0;1;0;0;16;0;0;1;51;1;5100
0;1;0;0;1;0;0;9;0;0;3;66;1;5100
0;1;0;1;0;0;0;5;0;1;3;84;1;5100
0;1;0;0;1;0;0;15;0;0;3;74;1;5100
0;0;1;1;0;0;0;4;0;1;2;60;0;5100
0;0;1;1;0;0;0;6;0;0;2;62.6;0;5100
0;0;1;0;1;0;0;9;0;0;2;78.1;1;5100
0;0;0;1;0;0;0;4;0;1;3;75;0;5100
0;0;0;1;0;0;0;15;0;0;3;88;1;5100
0;0;0;1;0;0;0;10;0;0;2;72;1;5100
0;0;0;0;1;0;0;5;0;0;4;170;1;5100
0;1;0;1;0;0;0;5;0;1;3;97;1;5150
0;0;1;1;0;0;0;9;1;0;2;55.3;1;5150
0;0;0;1;0;0;0;10;0;0;2;72;1;5150
0;1;0;0;0;0;0;17;0;1;3;75.66;0;5160
0;1;0;0;1;0;0;17;0;1;3;77;1;5160
0;1;0;1;0;0;0;5;1;0;3;85.1;1;5195
0;1;0;0;1;0;0;13;0;0;3;91.78;0;5198
0;1;0;0;0;1;0;9;0;1;4;86.1;1;5200
0;1;0;1;0;0;0;16;0;0;3;83.2;0;5200
0;1;0;1;0;0;0;6;0;0;4;106.5;1;5200
0;1;0;0;1;0;0;16;0;0;2;73;1;5200
0;1;0;0;1;0;0;17;0;0;2;59;1;5200
0;1;0;0;0;1;0;9;0;0;4;87;1;5200
0;1;0;1;0;0;0;17;0;0;2;51;1;5200
0;1;0;0;1;0;0;9;0;0;3;77;1;5200
0;0;1;1;0;0;0;3;0;1;3;76.1;1;5200
0;0;1;1;0;0;0;5;0;0;3;75;1;5200
0;0;1;1;0;0;0;6;0;0;2;61;0;5200
0;0;1;1;0;0;0;4;0;0;3;75;0;5200
0;0;0;1;0;0;0;6;0;0;4;91.2;1;5200
0;0;0;1;0;0;0;6;0;0;4;92;0;5200
0;1;0;0;1;0;0;13;0;0;2;93.38;0;5240
0;1;0;0;1;0;0;16;0;0;3;84;1;5300
0;1;0;1;0;0;0;4;0;0;3;70;0;5300
0;1;0;1;0;0;0;6;0;0;3;65.1;0;5300
0;1;0;0;0;1;0;9;0;0;5;118.3;1;5300
0;1;0;0;1;0;0;16;0;0;3;70;1;5300
0;0;1;1;0;0;0;5;0;0;3;78.4;0;5300
0;0;0;0;1;0;0;14;0;0;3;90;1;5300
0;0;0;1;0;0;0;5;0;0;3;88.4;1;5300
0;0;0;1;0;0;0;16;0;0;3;94;1;5300
0;1;0;1;0;0;0;5;1;0;3;83;1;5350
0;0;0;1;0;0;0;15;0;0;3;85;1;5350
0;1;0;0;1;0;0;17;0;0;3;85;1;5400
0;1;0;1;0;0;0;6;0;0;5;140;1;5400
0;0;0;1;0;0;0;5;0;0;3;92.2;1;5400
0;1;0;0;1;0;0;15;0;0;2;60;1;5500
0;1;0;1;0;0;0;5;1;0;3;61;1;5500
0;1;0;0;1;0;0;9;0;0;3;74;1;5500
0;1;0;1;0;0;0;10;1;0;3;90;1;5500
0;0;1;1;0;0;0;4;0;1;3;78;0;5500
0;0;0;1;0;0;0;9;0;1;2;61;1;5500
0;0;0;0;1;0;0;10;0;0;3;93.5;1;5500
0;0;0;0;1;0;0;12;0;0;3;93.5;1;5500
0;0;0;0;1;0;0;4;0;1;4;187;1;5500
0;0;0;1;0;0;0;15;0;0;3;86;1;5500
0;0;0;1;0;0;0;10;0;0;3;92;1;5500
0;1;0;0;1;0;0;15;0;0;2;65.8;0;5550
0;1;0;0;1;0;0;16;0;0;3;88;1;5550
0;0;0;0;0;1;0;5;0;1;4;100;1;5550
0;1;0;0;1;0;0;16;0;0;4;100;1;5600
0;1;0;1;0;0;0;9;1;0;3;114.6;0;5600
0;1;0;0;1;0;0;13;0;0;3;50.6;1;5600
0;1;0;1;0;0;0;7;0;0;3;71.7;0;5600
0;1;0;1;0;0;0;6;1;0;3;101;1;5600
0;1;0;1;0;0;0;9;0;0;3;82.2;1;5600
0;0;1;1;0;0;0;11;0;1;3;127.8;1;5600
0;0;1;0;1;0;0;10;0;0;3;84;1;5600
0;0;1;0;1;0;0;19;0;0;3;75.6;0;5600
0;0;0;0;1;0;0;9;0;0;3;97;1;5600
1;0;0;0;1;0;0;9;0;0;3;85;1;5650
0;1;0;0;1;0;0;16;0;0;2;90.5;0;5650
0;0;1;1;0;0;0;4;0;0;2;62;0;5650
0;0;1;1;0;0;0;9;0;1;3;97;1;5650
0;0;0;0;0;0;0;5;0;0;4;195;1;5650
0;0;0;0;1;0;0;14;0;0;3;103.12;1;5665
0;0;0;0;1;0;0;12;0;0;2;85;1;5670
0;1;0;0;0;1;0;9;0;0;5;105;1;5690
0;0;1;1;0;0;0;4;0;0;3;81;0;5700
0;1;0;0;1;0;0;15;0;0;2;74;1;5750
0;0;0;1;0;0;0;5;0;1;4;113;1;5750
0;1;0;1;0;0;0;9;0;0;3;71.6;0;5790
0;1;0;1;0;0;0;8;0;0;3;70.4;1;5800
0;1;0;1;0;0;0;6;0;0;3;83.8;1;5800
0;1;0;0;1;0;0;16;0;0;3;85.2;1;5800
0;1;0;1;0;0;0;10;0;0;2;80.7;1;5800
0;0;0;0;1;0;0;10;0;0;3;76.7;1;5800
0;0;0;1;0;0;0;4;0;0;3;84;0;5800
0;0;0;0;1;0;0;9;0;0;3;88;0;5825
0;1;0;1;0;0;0;16;0;0;3;94;1;5830
0;1;0;1;0;0;0;4;0;0;2;89.9;1;5843
0;1;0;0;1;0;0;9;1;0;3;92.4;1;5850
0;1;0;1;0;0;0;3;0;1;4;98.2;1;5850
0;0;0;1;0;0;0;5;0;1;4;113;1;5850
0;0;0;0;1;0;0;10;0;0;4;175.6;1;5890
0;1;0;1;0;0;0;5;1;0;3;105.7;1;5900
0;1;0;1;0;0;0;5;0;0;3;85;1;5900
0;0;1;1;0;0;0;5;0;0;3;72.3;1;5900
0;0;0;1;0;0;0;6;0;0;4;100;0;5900
0;0;0;1;0;0;0;9;0;0;3;93;1;5900
0;1;0;0;1;0;0;9;0;0;2;87;0;5950
0;1;0;0;1;0;0;9;0;0;3;88;0;5950
0;0;1;1;0;0;0;4;0;1;3;101;1;5950
0;1;0;1;0;0;0;16;0;0;2;81.9;1;5990
0;1;0;1;0;0;0;5;0;0;2;78;1;5990
0;0;0;1;0;0;0;10;0;0;3;86.1;0;5990
0;1;0;1;0;0;0;5;1;0;4;84.2;1;6000
0;1;0;0;1;0;0;8;0;0;2;66;1;6000
0;1;0;1;0;0;0;3;0;1;4;98;1;6000
0;0;0;1;0;0;0;5;0;1;3;63;1;6000
0;1;0;1;0;0;0;5;1;0;3;83;1;6100
0;1;0;0;1;0;0;16;0;1;3;77;1;6100
0;0;0;1;0;0;0;10;0;0;3;91;1;6100
0;0;0;0;0;0;0;4;0;1;4;170.7;1;6100
0;1;0;1;0;0;0;9;0;0;3;89.7;1;6120
0;0;0;1;0;0;0;6;0;0;4;92;1;6125
0;1;0;0;1;0;0;14;0;0;2;71;1;6150
0;1;0;1;0;0;0;10;0;1;4;136;1;6150
0;0;1;1;0;0;0;4;0;0;3;79.9;1;6150
0;1;0;0;0;1;0;9;0;1;4;89;1;6155
0;1;0;1;0;0;0;16;0;0;3;116;1;6200
0;1;0;1;0;0;0;9;0;0;3;92.4;1;6200
0;1;0;0;1;0;0;9;0;0;3;92.4;1;6200
0;1;0;0;1;0;0;16;0;0;3;98;0;6200
0;1;0;1;0;0;0;9;0;0;2;80.2;1;6200
0;1;0;0;1;0;0;12;0;1;3;96.6;1;6200
0;0;1;1;0;0;0;5;0;1;3;74.2;1;6200
0;1;0;1;0;0;0;5;0;0;3;81;0;6300
0;1;0;0;0;1;0;9;0;0;4;108;1;6300
0;0;0;1;0;0;0;9;0;0;3;79.9;1;6300
0;0;0;0;1;0;0;10;0;0;3;86;1;6350
0;1;0;1;0;0;0;5;0;0;3;83.3;1;6400
0;1;0;1;0;0;0;2;0;1;4;140;1;6500
0;1;0;1;0;0;0;17;0;0;2;72;0;6500
0;1;0;1;0;0;0;9;0;0;3;112.4;1;6500
0;1;0;1;0;0;0;5;0;0;4;92;1;6500
0;1;0;1;0;0;0;10;0;1;3;85;1;6500
0;1;0;1;0;0;0;5;1;0;3;82;1;6500
0;0;1;1;0;0;0;16;0;0;2;70.6;1;6500
0;0;1;1;0;0;0;5;0;1;3;97;1;6500
0;0;0;1;0;0;0;4;1;0;2;68;1;6500
0;0;0;1;0;0;0;6;0;0;4;95.2;1;6500
0;0;0;1;0;0;0;6;0;1;4;113.1;1;6500
0;0;0;0;0;0;0;3;0;1;4;170;1;6500
0;1;0;0;1;0;0;16;0;0;2;69;1;6600
0;1;0;0;1;0;0;6;0;1;4;91.7;1;6600
0;1;0;1;0;0;0;6;0;0;3;111.6;1;6600
0;0;1;0;1;0;0;9;0;0;3;94.3;1;6600
0;1;0;1;0;0;0;16;0;0;3;103;1;6640
0;1;0;0;1;0;0;15;0;0;2;75;1;6650
0;1;0;1;0;0;0;9;0;0;3;112.6;1;6650
0;1;0;1;0;0;0;5;0;0;3;105;1;6700
0;1;0;1;0;0;0;5;1;0;3;93;1;6700
0;1;0;1;0;0;0;10;0;0;4;137;1;6700
0;0;1;1;0;0;0;5;0;1;3;69.2;0;6700
0;0;1;1;0;0;0;4;0;0;4;92.6;1;6700
0;0;0;1;0;0;0;5;1;0;3;120;1;6700
0;1;0;0;1;0;0;5;0;1;4;130;1;6750
0;1;0;1;0;0;0;10;0;0;3;100;1;6800
0;0;0;0;1;0;0;10;0;0;3;110;1;6800
0;1;0;1;0;0;0;10;0;0;3;112;1;6850
0;0;0;0;1;0;0;10;0;0;3;91.8;1;6950
0;1;0;0;1;0;0;9;0;0;3;88;1;6990
0;1;0;0;1;0;0;12;0;0;2;80;1;7000
0;1;0;0;1;0;0;18;0;0;4;140;1;7000
0;1;0;1;0;0;0;5;0;0;3;68;1;7000
0;1;0;1;0;0;0;5;1;0;3;105;1;7000
0;0;0;1;0;0;0;13;0;1;3;100;0;7000
0;1;0;0;1;0;0;16;0;0;4;100;1;7100
0;1;0;1;0;0;0;5;0;0;4;119.9;1;7100
0;1;0;1;0;0;0;9;0;0;3;97.8;1;7130
0;1;0;1;0;0;0;16;0;0;3;103;1;7200
0;0;0;1;0;0;0;9;0;0;3;97;1;7200
0;1;0;0;1;0;0;10;0;1;3;90;1;7400
0;1;0;0;1;0;0;6;0;0;3;130;1;7500
0;1;0;1;0;0;0;9;0;0;3;126;1;7500
0;1;0;0;1;0;0;10;0;0;3;109.8;1;7500
0;0;1;1;0;0;0;5;0;0;3;102;1;7500
0;0;1;0;1;0;0;9;0;0;3;113.9;1;7500
0;0;0;0;1;0;0;17;0;1;4;112;1;7500
0;0;0;0;1;0;0;6;0;0;5;121.4;1;7600
0;1;0;0;1;0;0;9;0;0;3;87;1;7680
0;1;0;1;0;0;0;6;0;0;4;150;0;7700
0;1;0;0;1;0;0;16;0;1;2;94;1;7700
0;0;1;0;1;0;0;9;0;0;4;110;1;7800
0;0;1;1;0;0;0;7;0;0;4;116;0;7950
0;0;0;0;1;0;0;10;0;1;4;120;0;8000
0;0;0;0;0;0;0;2;1;0;3;140;0;8000
0;0;1;1;0;0;0;4;0;0;3;80.8;1;8100
0;1;0;0;1;0;0;9;0;0;3;109.3;1;8200
0;1;0;1;0;0;0;5;0;0;4;105.3;1;8200
0;1;0;1;0;0;0;6;0;1;4;133.2;1;8200
0;1;0;1;0;0;0;6;0;0;4;97.9;1;8200
0;1;0;1;0;0;0;6;0;0;4;114.7;1;8250
0;0;1;1;0;0;0;4;0;0;3;88;0;8300
0;0;1;1;0;0;0;4;0;0;4;93;1;8350
0;1;0;0;0;0;0;4;0;0;2;96.6;1;8354
0;1;0;1;0;0;0;6;0;0;3;119;1;8450
0;1;0;0;1;0;0;9;0;0;3;109;1;8460
0;1;0;1;0;0;0;10;0;0;3;100;1;8500
0;1;0;0;1;0;0;9;0;0;3;97;1;8500
0;1;0;1;0;0;0;8;0;0;4;107.3;1;8500
0;1;0;1;0;0;0;5;0;0;4;115;0;8600
0;1;0;0;1;0;0;16;0;0;3;103;1;8600
0;0;0;1;0;0;0;10;0;0;3;126;1;8700
0;0;0;0;1;0;0;14;0;0;4;125;1;8750
0;1;0;0;1;0;0;9;0;0;3;110;0;8800
0;1;0;1;0;0;0;8;0;0;4;157.5;1;8800
0;0;0;0;1;0;0;12;0;0;3;112;1;8800
0;0;1;1;0;0;0;9;0;0;3;120;1;8900
0;0;1;1;0;0;0;5;0;0;4;99;1;8900
0;1;0;0;1;0;0;16;0;0;3;88.1;0;9000
0;1;0;1;0;0;0;16;0;0;3;94;1;9300
0;1;0;0;1;0;0;9;0;0;3;91;1;9400
0;1;0;1;0;0;0;16;0;0;3;89;0;9480
0;1;0;0;1;0;0;16;0;0;3;90;0;9500
0;1;0;1;0;0;0;15;0;1;4;117.6;1;9650
0;0;1;1;0;0;0;16;0;0;3;89.2;1;9700
0;1;0;1;0;0;0;5;0;0;3;98.5;1;9800
0;1;0;1;0;0;0;6;0;0;3;117.7;0;9990
0;0;1;1;0;0;0;4;0;1;4;98;1;9999
0;1;0;0;1;0;0;11;0;1;4;188;1;10000
0;1;0;1;0;0;0;6;0;0;4;179.7;1;10000
0;1;0;1;0;0;0;5;0;0;3;107;1;10000
0;0;1;1;0;0;0;5;0;1;4;173.3;0;10000
0;0;1;0;1;0;0;7;0;0;4;110;1;10000
0;0;1;1;0;0;0;6;0;1;3;100;1;10000
0;1;0;0;1;0;0;16;0;0;3;102;1;10200
0;0;1;1;0;0;0;5;0;0;3;85;1;10300
0;1;0;1;0;0;0;5;0;1;5;213.8;1;10450
0;1;0;1;0;0;0;6;0;1;6;350;1;10500
0;1;0;1;0;0;0;6;0;0;5;175;1;10500
0;0;1;1;0;0;0;6;0;1;4;151.6;1;10500
0;0;1;1;0;0;0;5;0;1;4;115.3;1;10500
0;0;0;1;0;0;0;6;0;1;4;156;1;10500
0;1;0;1;0;0;0;9;0;0;4;132.6;1;10800
0;1;0;1;0;0;0;4;0;0;3;108;1;11200
0;0;0;0;1;0;0;8;0;1;3;156;1;11200
0;1;0;1;0;0;0;6;0;1;5;350;1;11500
0;0;1;1;0;0;0;5;0;0;2;95.6;1;11500
0;0;1;1;0;0;0;5;0;0;4;160.4;1;11500
0;0;1;0;1;0;0;10;0;0;4;108;1;11500
0;1;0;0;1;0;0;7;0;0;4;138;1;11650
0;0;1;1;0;0;0;4;0;1;3;72.6;0;12500
0;0;1;0;1;0;0;7;0;0;3;130;1;12500
0;1;0;1;0;0;0;16;0;0;4;138;1;13200
0;1;0;0;1;0;0;9;0;0;3;157;0;13350
0;1;0;1;0;0;0;10;0;0;2;143;0;13500
0;1;0;1;0;0;0;9;0;0;3;141;1;13500
0;1;0;1;0;0;0;12;0;0;3;120;0;14990
0;1;0;0;1;0;0;11;0;0;3;124;1;15000
0;1;0;1;0;0;0;16;0;0;4;148;1;15490
0;1;0;0;1;0;0;16;0;0;4;135.6;1;15990
0;1;0;1;0;0;0;6;0;0;5;254.7;1;16500
0;1;0;1;0;0;0;9;0;0;6;300;1;17000
0;1;0;1;0;0;0;6;0;1;8;255;0;18500
0;0;1;0;1;0;0;6;0;0;3;150;0;20000
0;0;1;1;0;0;0;8;0;0;5;212.7;0;28000
