1;0;0;1;0;0;0;2;0;1;2;0;550
0;0;1;1;0;0;0;2;0;1;1;1;600
0;0;0;0;0;1;0;5;1;0;1;0;650
1;0;0;1;0;0;0;5;0;0;1;0;680
0;0;0;0;0;1;0;9;0;0;2;1;700
0;1;0;0;0;1;0;5;1;0;1;0;750
1;0;0;0;0;1;0;5;0;0;1;0;800
0;0;1;0;0;0;1;2;1;0;1;0;800
0;0;1;0;0;0;1;2;1;0;1;0;800
1;0;0;0;0;1;0;5;0;0;1;0;850
0;0;0;0;0;1;0;5;1;0;1;0;850
1;0;0;0;0;1;0;5;0;0;1;0;890
0;1;0;1;0;0;0;5;0;0;1;0;900
0;1;0;0;0;0;1;2;0;1;1;0;900
0;0;1;0;0;0;1;2;1;0;1;0;920
0;1;0;0;0;1;0;5;0;0;1;0;950
0;0;1;1;0;0;0;4;0;0;1;0;950
0;0;1;0;1;0;0;16;0;0;1;1;950
0;0;0;0;0;0;1;2;1;0;1;0;950
0;1;0;0;0;0;1;1;1;1;2;0;970
0;1;0;1;0;0;0;3;0;0;1;0;990
0;0;1;0;0;0;1;2;1;0;3;0;990
1;0;0;0;0;1;0;5;0;0;1;1;1000
0;1;0;1;0;0;0;5;0;0;1;0;1000
0;0;1;0;0;0;1;2;0;1;1;0;1000
0;0;1;0;0;0;1;1;1;1;2;0;1000
0;0;0;0;0;1;0;9;1;0;1;0;1000
0;0;0;0;0;1;0;5;0;0;1;0;1000
0;0;0;0;0;0;0;9;0;0;1;0;1008
0;0;0;0;0;0;0;9;0;0;1;0;1012
0;0;0;0;0;0;0;9;0;0;1;0;1012
0;0;0;0;0;0;0;9;0;0;1;0;1019
0;0;0;0;0;0;0;9;1;0;1;0;1027
0;1;0;1;0;0;0;4;0;0;1;0;1030
0;0;1;0;0;0;1;2;1;0;1;0;1050
0;0;1;0;0;0;1;2;0;1;1;0;1050
0;0;1;0;0;0;0;2;0;1;1;1;1050
0;0;0;1;0;0;0;5;0;1;1;0;1060
0;1;0;1;0;0;0;5;0;1;1;0;1070
0;0;0;1;0;0;0;4;0;1;1;0;1070
0;0;0;1;0;0;0;4;1;0;1;0;1070
0;0;0;1;0;0;0;5;1;0;1;0;1090
1;0;0;1;0;0;0;18;0;0;1;1;1100
1;0;0;1;0;0;0;16;0;0;1;1;1100
0;1;0;1;0;0;0;5;0;0;1;0;1100
0;0;1;0;0;0;1;2;1;0;2;0;1100
0;0;1;0;0;0;1;2;1;0;1;0;1100
0;0;1;1;0;0;0;4;0;1;1;0;1100
0;0;1;1;0;0;0;5;1;0;1;0;1100
0;0;1;1;0;0;0;5;0;0;2;0;1100
0;0;1;0;0;0;1;1;1;1;1;0;1100
1;0;0;0;1;0;0;16;0;0;1;1;1115
0;0;0;0;1;0;0;9;0;0;1;1;1140
1;0;0;0;0;0;0;5;0;0;1;1;1150
0;1;0;0;0;1;0;9;1;0;1;0;1150
0;1;0;0;0;1;0;5;0;0;1;0;1150
0;1;0;0;0;1;0;5;0;0;1;1;1150
0;0;0;0;0;0;0;5;0;0;1;0;1150
0;0;0;0;0;1;0;5;0;0;1;0;1150
0;0;0;0;0;1;0;5;0;0;1;0;1150
0;0;0;0;0;1;0;9;1;0;1;0;1150
0;0;1;0;0;0;1;2;1;0;3;0;1170
0;0;0;0;0;1;0;5;0;0;1;1;1190
0;0;0;0;0;0;0;9;0;0;1;0;1196
0;0;1;0;0;0;1;2;0;1;2;0;1200
0;0;0;1;0;0;0;5;0;0;1;1;1200
0;0;0;0;1;0;0;5;1;0;1;1;1200
0;0;0;0;0;0;0;9;0;0;1;0;1200
0;0;0;0;0;0;0;5;0;0;1;1;1200
0;0;0;0;0;0;0;9;0;0;1;0;1202
0;0;0;0;0;0;0;9;0;0;2;0;1203
0;0;0;0;0;0;0;9;0;0;2;0;1203
0;0;0;0;0;0;0;9;0;0;2;0;1207
0;0;0;0;0;0;0;9;1;0;2;0;1214
0;0;0;0;0;0;0;9;1;0;1;0;1215
0;0;0;0;0;0;0;9;1;0;2;0;1218
0;0;0;0;0;0;0;9;1;0;2;0;1218
0;1;0;0;1;0;0;11;0;0;1;1;1220
0;0;1;0;1;0;0;18;0;0;1;0;1228
1;0;0;0;0;1;0;4;0;0;1;1;1250
0;1;0;1;0;0;0;5;1;0;1;1;1250
0;1;0;0;0;1;0;9;1;0;1;0;1250
0;1;0;0;0;1;0;6;0;0;1;0;1250
0;1;0;0;0;1;0;6;0;1;1;0;1250
0;1;0;0;0;0;0;3;0;1;1;0;1250
0;1;0;0;0;0;1;2;0;1;2;0;1250
0;1;0;0;0;0;0;3;0;1;1;1;1250
0;1;0;0;1;0;0;3;0;0;1;0;1250
0;0;1;1;0;0;0;1;1;1;1;0;1250
0;0;0;0;0;0;0;5;0;0;1;1;1250
0;0;0;0;0;0;0;5;0;0;1;1;1250
0;0;0;0;0;0;1;1;1;1;2;0;1250
0;0;0;1;0;0;0;5;0;0;1;0;1250
0;0;0;0;1;0;0;5;0;0;1;1;1250
0;1;0;0;1;0;0;15;0;0;1;0;1271
0;0;0;0;0;0;0;9;0;0;2;0;1271
0;0;0;0;0;0;0;9;0;0;2;0;1271
0;0;0;0;0;0;0;9;0;0;2;0;1271
0;0;0;0;0;0;0;9;0;0;2;0;1274
0;0;0;0;0;0;0;9;0;0;2;0;1274
1;0;0;0;0;0;0;5;0;1;1;1;1280
1;0;0;0;1;0;0;16;0;0;1;1;1286
0;0;0;1;0;0;0;5;0;1;1;1;1290
1;0;0;0;0;1;0;5;0;1;1;0;1300
0;1;0;1;0;0;0;3;1;0;1;0;1300
0;1;0;0;1;0;0;14;0;0;1;0;1300
0;0;1;1;0;0;0;5;0;1;1;0;1300
0;0;1;1;0;0;0;2;0;1;1;0;1300
0;0;1;0;1;0;0;18;0;0;1;1;1300
0;0;0;0;0;0;0;5;0;1;1;0;1300
0;0;0;0;0;0;0;5;1;0;1;1;1300
0;0;0;0;1;0;0;9;0;0;2;1;1300
0;0;0;0;0;0;0;5;0;0;1;1;1300
0;0;0;0;0;1;0;5;0;0;1;0;1300
0;0;0;0;0;0;0;3;0;1;1;0;1320
1;0;0;1;0;0;0;2;1;0;2;0;1340
1;0;0;1;0;0;0;3;0;1;1;1;1350
1;0;0;0;0;1;0;5;0;0;1;1;1350
1;0;0;0;0;1;0;9;0;0;1;1;1350
0;1;0;0;1;0;0;4;1;0;1;0;1350
0;1;0;1;0;0;0;3;0;1;1;0;1350
0;0;1;0;0;0;1;2;1;0;1;0;1350
0;0;1;1;0;0;0;4;0;0;1;0;1350
0;0;1;1;0;0;0;2;1;0;1;0;1350
0;0;0;1;0;0;0;5;0;0;1;1;1350
0;0;0;1;0;0;0;5;0;0;1;0;1350
0;0;0;1;0;0;0;5;0;1;1;1;1350
0;0;0;0;0;0;0;5;0;0;1;1;1350
0;0;0;1;0;0;0;5;0;0;1;1;1350
0;0;0;0;1;0;0;9;1;0;1;1;1361
1;0;0;0;1;0;0;16;0;0;1;1;1365
1;0;0;1;0;0;0;4;0;0;1;0;1370
0;0;0;0;1;0;0;5;0;0;1;1;1373
1;0;0;0;1;0;0;16;0;0;1;1;1375
1;0;0;1;0;0;0;5;1;0;1;0;1375
0;0;0;0;1;0;0;5;0;1;1;0;1380
0;0;0;0;0;0;0;5;0;0;1;1;1380
1;0;0;0;0;1;0;5;0;1;1;1;1390
1;0;0;1;0;0;0;2;1;0;2;0;1400
1;0;0;0;0;1;0;5;0;0;1;1;1400
1;0;0;0;0;1;0;5;0;1;1;1;1400
1;0;0;1;0;0;0;5;0;0;1;1;1400
0;1;0;0;0;0;1;2;1;0;3;0;1400
0;1;0;0;1;0;0;3;1;0;1;0;1400
0;1;0;0;0;1;0;6;0;0;1;1;1400
0;0;1;0;1;0;0;3;1;0;1;0;1400
0;0;1;0;1;0;0;18;0;0;1;1;1400
0;0;1;0;1;0;0;3;0;0;1;1;1400
0;0;0;1;0;0;0;5;0;0;1;1;1400
0;0;0;1;0;0;0;4;0;1;1;0;1400
0;0;0;0;1;0;0;5;0;0;1;1;1400
0;0;0;0;1;0;0;5;0;0;1;1;1400
0;0;0;1;0;0;0;5;0;1;1;0;1400
0;0;0;0;0;0;0;5;1;0;1;1;1400
0;0;0;1;0;0;0;5;1;0;1;0;1400
0;0;0;0;0;0;0;5;0;0;1;0;1410
0;0;0;0;0;0;0;5;1;0;1;1;1420
1;0;0;0;1;0;0;9;1;0;1;0;1430
1;0;0;1;0;0;0;5;0;1;1;1;1430
0;1;0;1;0;0;0;3;1;0;1;0;1430
0;0;0;0;0;0;0;9;0;0;1;0;1430
0;0;0;0;1;0;0;9;0;0;1;1;1430
0;0;0;0;0;0;0;9;0;0;2;0;1433
0;0;0;0;0;0;0;9;0;0;2;0;1433
0;0;0;0;0;0;0;9;0;0;2;0;1437
0;0;0;0;0;0;0;9;0;0;2;0;1437
0;1;0;1;0;0;0;3;1;0;1;0;1440
0;0;1;0;1;0;0;3;0;1;1;1;1440
0;0;0;0;1;0;0;5;0;0;1;1;1440
0;0;1;0;1;0;0;18;0;0;1;0;1444
0;0;0;0;0;0;0;9;1;0;1;0;1445
0;0;0;0;0;0;0;9;1;0;2;0;1448
0;0;0;0;0;0;0;9;1;0;2;0;1448
1;0;0;1;0;0;0;5;0;0;1;0;1450
1;0;0;1;0;0;0;3;0;0;1;1;1450
1;0;0;0;0;0;1;2;0;1;2;0;1450
1;0;0;0;0;1;0;5;1;0;1;0;1450
1;0;0;0;0;1;0;5;0;0;2;1;1450
1;0;0;1;0;0;0;5;0;1;1;1;1450
1;0;0;0;0;1;0;9;0;0;2;0;1450
1;0;0;0;0;1;0;9;0;1;1;1;1450
1;0;0;0;0;1;0;5;1;0;1;0;1450
1;0;0;0;0;1;0;5;0;0;1;1;1450
0;1;0;0;0;1;0;10;0;0;1;1;1450
0;0;1;0;0;0;0;3;0;0;1;1;1450
0;0;1;0;1;0;0;18;0;0;1;1;1450
0;0;0;0;0;0;0;5;0;0;1;0;1450
0;0;0;1;0;0;0;5;0;0;1;1;1450
0;0;0;1;0;0;0;5;1;0;1;1;1450
0;0;0;0;0;0;0;5;0;1;1;1;1450
0;0;0;0;1;0;0;5;0;0;1;1;1450
0;0;0;1;0;0;0;5;0;0;1;1;1450
0;0;0;0;1;0;0;16;0;0;1;1;1450
0;0;0;0;1;0;0;9;0;0;1;0;1455
0;0;0;0;1;0;0;9;0;0;1;0;1455
1;0;0;0;1;0;0;9;1;0;1;1;1460
0;1;0;0;0;0;0;5;0;0;1;0;1460
1;0;0;0;0;1;0;5;1;0;1;1;1470
1;0;0;0;0;1;0;5;0;0;1;1;1470
0;0;0;1;0;0;0;5;0;1;1;1;1470
0;0;0;1;0;0;0;5;1;0;1;1;1470
1;0;0;0;0;1;0;5;0;1;1;0;1480
1;0;0;0;1;0;0;9;0;0;1;1;1485
0;0;0;0;0;0;0;9;0;0;2;0;1495
1;0;0;0;1;0;0;9;1;0;1;0;1500
1;0;0;1;0;0;0;5;0;0;1;0;1500
1;0;0;1;0;0;0;3;0;1;1;1;1500
1;0;0;0;0;1;0;5;1;0;1;0;1500
1;0;0;0;0;1;0;5;0;0;1;1;1500
1;0;0;0;0;1;0;5;1;0;1;0;1500
1;0;0;0;1;0;0;17;0;0;1;1;1500
0;1;0;1;0;0;0;5;0;1;1;0;1500
0;1;0;0;0;1;0;6;1;0;1;0;1500
0;0;1;1;0;0;0;4;0;0;1;0;1500
0;0;1;1;0;0;0;4;0;0;1;0;1500
0;0;1;1;0;0;0;5;1;0;1;0;1500
0;0;1;0;0;0;1;2;0;1;1;0;1500
0;0;1;0;0;0;1;2;1;0;3;0;1500
0;0;0;0;1;0;0;9;1;0;1;0;1500
0;0;0;0;1;0;0;5;0;1;1;1;1500
0;0;0;1;0;0;0;5;0;1;1;1;1500
0;0;0;0;0;0;0;5;0;0;2;0;1500
0;0;0;0;0;0;0;5;0;0;2;0;1500
0;0;0;0;0;1;0;9;1;0;1;0;1500
0;0;1;0;1;0;0;17;1;0;1;0;1525
1;0;0;0;0;1;0;9;0;0;1;0;1530
0;0;0;0;0;0;0;5;0;0;1;1;1530
0;0;0;0;0;0;0;5;0;1;1;1;1535
1;0;0;0;0;1;0;5;1;0;1;0;1540
1;0;0;0;1;0;0;3;1;0;1;1;1540
0;0;0;0;0;0;0;5;0;0;1;0;1549
1;0;0;1;0;0;0;5;1;0;1;0;1550
1;0;0;0;0;1;0;5;1;0;1;1;1550
1;0;0;1;0;0;0;4;0;0;1;0;1550
1;0;0;1;0;0;0;5;1;0;1;0;1550
1;0;0;0;0;1;0;5;1;0;2;1;1550
1;0;0;1;0;0;0;5;0;0;1;0;1550
1;0;0;0;0;1;0;5;1;0;1;0;1550
1;0;0;1;0;0;0;3;1;0;1;1;1550
1;0;0;1;0;0;0;5;1;0;1;0;1550
0;1;0;0;0;0;1;2;0;1;3;0;1550
0;1;0;0;0;1;0;9;0;0;1;1;1550
0;1;0;0;1;0;0;9;0;0;1;1;1550
0;1;0;1;0;0;0;4;0;0;2;0;1550
0;0;1;1;0;0;0;2;0;1;2;0;1550
0;0;1;0;0;0;1;1;1;1;1;0;1550
0;0;1;1;0;0;0;1;1;1;1;0;1550
0;0;1;1;0;0;0;4;0;0;1;0;1550
0;0;0;1;0;0;0;5;0;0;1;1;1550
0;0;0;0;0;1;0;5;1;0;2;0;1550
0;0;0;1;0;0;0;6;1;0;2;0;1550
0;0;0;0;0;1;0;5;0;1;1;1;1550
0;0;0;1;0;0;0;5;0;0;1;1;1550
0;0;0;1;0;0;0;5;0;0;1;0;1550
0;0;0;0;0;1;0;5;0;0;1;0;1550
0;0;0;1;0;0;0;5;0;0;1;1;1555
0;0;0;0;1;0;0;16;0;0;1;1;1556
1;0;0;0;1;0;0;9;0;0;1;1;1560
1;0;0;1;0;0;0;5;0;0;1;0;1570
0;0;0;0;0;0;0;3;0;1;2;1;1570
0;0;0;0;1;0;0;5;0;0;1;1;1570
1;0;0;0;0;1;0;5;1;0;1;1;1580
1;0;0;0;1;0;0;3;0;0;1;1;1580
0;0;0;0;0;1;0;5;0;0;1;0;1580
1;0;0;0;1;0;0;3;0;1;1;1;1590
0;1;0;1;0;0;0;4;0;0;1;0;1590
0;0;0;0;0;0;0;5;0;1;1;0;1590
0;0;0;0;0;1;0;5;1;0;1;0;1590
0;0;0;0;1;0;0;14;0;0;1;1;1590
0;0;0;0;0;1;0;5;0;0;1;0;1590
0;0;0;0;0;0;0;5;0;0;1;1;1590
0;0;0;0;1;0;0;5;0;0;2;0;1590
0;0;1;0;0;1;0;2;0;1;2;0;1595
0;0;1;0;0;1;0;5;0;0;1;1;1598
1;0;0;1;0;0;0;5;0;0;2;0;1600
1;0;0;1;0;0;0;5;0;0;2;0;1600
1;0;0;0;0;1;0;5;0;0;1;1;1600
1;0;0;0;0;1;0;5;0;0;1;1;1600
1;0;0;0;0;1;0;5;0;0;1;1;1600
1;0;0;0;0;1;0;9;0;0;1;1;1600
1;0;0;0;0;1;0;5;0;0;1;0;1600
1;0;0;1;0;0;0;5;1;0;1;1;1600
1;0;0;0;0;1;0;4;0;1;1;1;1600
1;0;0;0;0;1;0;5;0;1;1;1;1600
1;0;0;0;0;1;0;4;0;0;1;1;1600
1;0;0;0;0;1;0;5;0;0;1;0;1600
0;1;0;1;0;0;0;5;0;0;1;1;1600
0;1;0;1;0;0;0;4;0;0;1;0;1600
0;0;1;1;0;0;0;5;0;0;2;0;1600
0;0;0;0;0;1;0;9;0;0;1;1;1600
0;0;0;0;0;0;0;5;0;0;1;1;1600
0;0;0;0;1;0;0;6;1;0;1;0;1600
0;0;0;0;0;0;0;5;0;0;1;1;1600
0;0;0;1;0;0;0;4;0;1;2;0;1600
0;0;0;0;0;1;0;9;0;0;1;1;1600
0;0;0;0;0;1;0;5;1;0;1;0;1600
0;0;0;1;0;0;0;4;0;0;1;1;1600
0;0;0;0;0;1;0;5;0;0;1;0;1600
0;0;0;0;0;1;0;5;0;0;1;0;1600
1;0;0;0;1;0;0;16;0;0;2;1;1610
0;0;0;1;0;0;0;5;0;1;1;1;1610
0;0;0;0;1;0;0;9;0;0;1;1;1612
0;1;0;0;1;0;0;2;1;0;2;0;1618
1;0;0;1;0;0;0;3;1;0;1;1;1620
0;1;0;1;0;0;0;4;0;0;1;0;1620
0;1;0;1;0;0;0;4;0;0;1;0;1620
0;0;1;0;1;0;0;3;0;0;1;1;1620
0;0;1;0;1;0;0;3;0;0;1;1;1620
0;0;0;0;0;1;0;5;0;1;1;1;1620
0;0;0;0;0;1;0;4;0;0;1;0;1620
1;0;0;1;0;0;0;2;1;0;2;0;1630
1;0;0;1;0;0;0;9;0;0;1;1;1630
1;0;0;1;0;0;0;9;0;0;1;1;1630
0;0;0;0;1;0;0;5;0;0;1;1;1630
0;0;0;1;0;0;0;5;0;0;1;1;1630
0;0;0;0;0;1;0;5;0;1;1;0;1630
0;0;0;0;0;1;0;5;0;0;1;0;1640
1;0;0;0;1;0;0;9;0;0;1;1;1650
1;0;0;0;1;0;0;9;0;0;1;1;1650
1;0;0;0;0;1;0;9;0;1;1;1;1650
1;0;0;0;0;0;0;2;1;0;1;0;1650
1;0;0;1;0;0;0;4;0;1;1;1;1650
1;0;0;1;0;0;0;5;0;0;1;0;1650
1;0;0;0;0;1;0;5;0;0;1;1;1650
1;0;0;0;1;0;0;9;0;0;1;1;1650
1;0;0;1;0;0;0;5;1;0;2;0;1650
1;0;0;0;1;0;0;17;0;1;1;1;1650
1;0;0;1;0;0;0;2;1;0;3;0;1650
1;0;0;0;0;1;0;5;0;1;1;1;1650
1;0;0;0;0;1;0;5;1;0;1;0;1650
0;0;1;0;0;0;1;2;0;1;2;0;1650
0;0;1;1;0;0;0;2;1;0;3;0;1650
0;0;0;0;1;0;0;5;1;0;1;1;1650
0;0;0;1;0;0;0;4;0;0;1;1;1650
0;0;0;1;0;0;0;4;0;0;1;1;1650
0;0;0;1;0;0;0;4;1;0;1;0;1650
0;0;0;0;1;0;0;9;0;0;1;1;1650
0;0;0;1;0;0;0;5;0;0;1;1;1650
0;0;0;0;0;0;1;2;0;1;2;0;1650
0;0;0;0;0;0;0;5;0;1;1;1;1650
0;0;0;0;0;0;0;5;1;0;1;1;1650
0;0;0;1;0;0;0;5;1;0;1;1;1650
0;0;0;0;0;1;0;5;0;1;1;0;1650
0;0;0;0;0;1;0;5;0;0;1;0;1650
0;0;1;0;1;0;0;17;0;0;1;1;1659
0;0;0;0;0;1;0;5;0;0;1;0;1670
0;0;1;0;1;0;0;19;0;0;1;1;1675
1;0;0;0;1;0;0;9;0;0;1;0;1680
0;1;0;0;1;0;0;11;0;0;1;1;1680
1;0;0;1;0;0;0;5;1;0;2;0;1690
1;0;0;1;0;0;0;4;0;1;1;0;1690
0;1;0;0;1;0;0;17;0;0;1;1;1690
0;1;0;0;0;1;0;5;1;0;2;1;1690
0;0;0;1;0;0;0;5;1;0;1;1;1690
0;0;0;0;0;0;0;5;0;0;1;1;1690
0;0;0;0;0;1;0;5;0;0;1;0;1690
0;0;1;0;1;0;0;17;0;0;1;0;1692
0;0;0;0;0;1;0;5;0;1;1;1;1695
1;0;0;0;1;0;0;3;0;0;1;1;1696
1;0;0;0;1;0;0;3;0;0;1;1;1696
1;0;0;1;0;0;0;5;0;1;1;1;1700
1;0;0;0;1;0;0;9;0;0;1;1;1700
1;0;0;1;0;0;0;5;0;0;1;1;1700
1;0;0;0;0;1;0;5;0;1;1;1;1700
1;0;0;0;0;1;0;5;0;0;1;1;1700
1;0;0;0;0;1;0;4;0;0;2;1;1700
1;0;0;0;0;1;0;5;0;0;1;0;1700
0;1;0;1;0;0;0;3;0;0;2;0;1700
0;1;0;0;1;0;0;14;0;0;1;1;1700
0;1;0;0;1;0;0;11;0;0;1;1;1700
0;1;0;1;0;0;0;6;0;1;1;0;1700
0;1;0;0;1;0;0;9;0;0;1;1;1700
0;1;0;0;0;1;0;5;0;0;1;0;1700
0;0;1;1;0;0;0;5;1;0;1;0;1700
0;0;0;1;0;0;0;4;0;0;1;0;1700
0;0;0;0;0;0;0;6;0;0;1;0;1700
0;0;0;0;1;0;0;15;0;0;1;1;1700
0;0;0;0;1;0;0;12;0;0;1;1;1700
0;0;0;0;0;1;0;9;0;0;2;1;1700
0;0;0;0;1;0;0;3;1;0;1;1;1700
0;0;0;0;1;0;0;5;1;0;2;0;1700
0;0;0;0;0;0;0;5;1;0;1;1;1700
0;0;0;0;1;0;0;9;0;0;1;0;1700
0;0;0;0;1;0;0;12;0;0;1;1;1700
0;0;0;1;0;0;0;13;0;0;1;1;1700
0;0;0;1;0;0;0;13;0;0;1;1;1700
1;0;0;0;1;0;0;18;0;0;1;0;1702
1;0;0;0;1;0;0;3;0;1;1;1;1708
1;0;0;0;1;0;0;3;0;0;1;1;1708
1;0;0;0;1;0;0;3;0;0;1;1;1708
1;0;0;1;0;0;0;3;0;1;1;1;1708
0;0;0;1;0;0;0;5;1;0;1;1;1710
1;0;0;0;1;0;0;3;0;0;1;1;1712
1;0;0;1;0;0;0;5;1;0;1;0;1720
0;0;0;0;0;0;0;6;0;0;1;1;1720
0;0;0;0;1;0;0;13;0;0;1;1;1720
1;0;0;0;0;1;0;4;0;0;1;0;1730
1;0;0;0;1;0;0;9;0;0;1;1;1732
1;0;0;0;1;0;0;13;0;0;1;1;1735
0;0;1;0;0;0;1;3;0;1;2;0;1740
1;0;0;1;0;0;0;5;1;0;1;0;1750
1;0;0;0;0;1;0;5;0;0;1;1;1750
1;0;0;0;0;1;0;5;0;0;1;1;1750
1;0;0;0;0;1;0;5;0;0;1;1;1750
1;0;0;0;0;1;0;5;0;0;1;0;1750
1;0;0;0;0;1;0;5;0;1;1;1;1750
1;0;0;1;0;0;0;5;0;0;2;1;1750
1;0;0;0;0;1;0;9;0;0;1;1;1750
1;0;0;0;0;1;0;5;0;0;2;1;1750
1;0;0;1;0;0;0;3;0;0;2;0;1750
1;0;0;1;0;0;0;3;1;0;2;0;1750
1;0;0;0;1;0;0;3;1;0;1;1;1750
1;0;0;0;0;1;0;4;0;0;1;1;1750
1;0;0;0;0;1;0;5;1;0;2;0;1750
1;0;0;1;0;0;0;5;0;0;2;0;1750
0;1;0;0;0;1;0;5;1;0;1;0;1750
0;1;0;1;0;0;0;3;0;0;1;0;1750
0;1;0;1;0;0;0;4;1;0;1;0;1750
0;1;0;0;0;1;0;4;0;1;1;1;1750
0;1;0;0;0;1;0;6;0;1;1;0;1750
0;0;1;0;1;0;0;17;0;0;1;0;1750
0;0;1;0;0;0;1;2;0;1;3;1;1750
0;0;0;0;0;1;0;5;1;0;1;0;1750
0;0;0;1;0;0;0;5;0;1;1;1;1750
0;0;0;1;0;0;0;5;0;1;1;1;1750
0;0;0;0;1;0;0;5;0;0;1;1;1750
0;0;0;0;1;0;0;5;0;0;1;0;1750
0;0;0;0;1;0;0;12;0;1;1;1;1750
0;0;0;0;1;0;0;16;0;0;1;1;1750
0;0;0;0;0;1;0;5;0;0;1;0;1750
0;1;0;0;1;0;0;15;0;0;1;0;1760
0;0;1;0;0;1;0;5;0;1;1;0;1760
0;0;0;0;1;0;0;4;0;0;2;1;1760
0;0;0;1;0;0;0;9;0;0;1;1;1765
0;1;0;0;1;0;0;10;0;0;1;0;1770
0;0;1;0;0;1;0;5;0;0;1;1;1770
0;0;0;0;0;1;0;5;0;0;1;0;1770
1;0;0;0;1;0;0;9;0;0;1;1;1773
1;0;0;0;1;0;0;9;0;0;1;1;1777
1;0;0;0;1;0;0;17;0;0;1;1;1780
0;1;0;1;0;0;0;4;1;0;1;0;1780
0;0;1;0;1;0;0;16;0;0;1;1;1780
0;0;0;0;0;1;0;5;0;0;1;1;1780
0;0;0;0;0;1;0;5;0;0;1;1;1780
0;0;0;1;0;0;0;4;1;0;1;0;1780
1;0;0;0;0;1;0;5;0;0;1;1;1790
0;1;0;0;1;0;0;9;0;0;1;1;1790
0;0;0;0;0;0;0;3;0;0;1;0;1790
1;0;0;1;0;0;0;4;0;0;2;0;1800
1;0;0;1;0;0;0;4;0;0;2;0;1800
1;0;0;1;0;0;0;5;0;0;1;1;1800
1;0;0;1;0;0;0;2;1;0;3;0;1800
1;0;0;0;1;0;0;17;0;0;1;1;1800
1;0;0;0;0;1;0;4;0;1;2;1;1800
1;0;0;1;0;0;0;4;0;1;1;1;1800
1;0;0;1;0;0;0;3;1;0;1;1;1800
1;0;0;0;1;0;0;3;0;0;1;1;1800
1;0;0;1;0;0;0;5;0;1;1;1;1800
1;0;0;0;1;0;0;9;0;1;1;1;1800
1;0;0;0;0;1;0;5;0;1;2;1;1800
1;0;0;0;0;1;0;5;1;0;2;0;1800
0;1;0;1;0;0;0;4;0;1;1;1;1800
0;1;0;1;0;0;0;4;0;1;2;0;1800
0;1;0;0;1;0;0;17;0;0;1;1;1800
0;1;0;1;0;0;0;4;0;1;1;1;1800
0;0;1;0;1;0;0;17;0;0;1;1;1800
0;0;1;0;1;0;0;17;0;0;1;0;1800
0;0;1;1;0;0;0;3;0;0;1;1;1800
0;0;1;0;0;1;0;5;0;0;1;1;1800
0;0;1;0;1;0;0;5;1;0;1;1;1800
0;0;1;0;1;0;0;17;0;0;1;1;1800
0;0;0;1;0;0;0;5;0;1;1;0;1800
0;0;0;1;0;0;0;5;1;0;1;1;1800
0;0;0;0;0;0;1;2;0;1;2;0;1800
0;0;0;0;0;1;0;5;1;0;1;0;1800
0;0;0;1;0;0;0;4;0;1;2;0;1800
0;0;0;0;0;1;0;9;0;1;2;1;1800
0;0;0;1;0;0;0;4;0;1;1;1;1800
0;0;0;0;0;1;0;5;0;0;1;0;1800
0;0;0;0;0;0;0;3;0;1;1;0;1800
0;0;0;1;0;0;0;9;0;0;1;1;1800
0;0;0;0;1;0;0;15;0;0;1;1;1800
0;0;0;0;0;1;0;5;0;0;1;0;1800
0;0;0;1;0;0;0;5;0;0;1;1;1800
1;0;0;1;0;0;0;9;0;0;1;1;1805
0;1;0;0;0;1;0;9;0;0;2;1;1810
1;0;0;1;0;0;0;5;1;0;1;0;1820
1;0;0;1;0;0;0;9;0;0;1;1;1820
0;1;0;0;0;1;0;5;0;0;1;1;1820
0;0;0;0;0;0;0;5;0;0;1;1;1820
0;0;0;0;1;0;0;9;0;1;1;1;1820
0;0;0;1;0;0;0;5;0;0;1;0;1820
0;0;0;0;1;0;0;5;0;0;1;1;1820
0;0;0;0;0;1;0;5;0;0;1;1;1820
1;0;0;0;1;0;0;9;0;0;1;1;1830
0;1;0;0;1;0;0;16;0;0;1;1;1830
0;0;0;0;0;0;0;3;0;1;1;1;1830
0;0;0;0;0;1;0;5;1;0;1;1;1830
0;0;0;1;0;0;0;4;0;1;1;1;1830
0;0;0;0;0;0;0;9;0;0;2;0;1832
1;0;0;0;1;0;0;9;0;0;2;0;1837
0;1;0;0;0;1;0;5;0;0;1;1;1840
0;0;0;0;0;0;0;5;0;0;1;1;1840
1;0;0;0;1;0;0;3;1;0;1;1;1845
0;0;0;0;0;0;0;9;0;0;3;0;1847
1;0;0;0;1;0;0;10;0;0;1;1;1850
1;0;0;1;0;0;0;3;0;0;1;1;1850
1;0;0;0;1;0;0;3;0;0;1;1;1850
1;0;0;0;0;1;0;5;0;1;2;1;1850
1;0;0;0;0;1;0;9;0;0;2;1;1850
1;0;0;0;1;0;0;12;0;0;1;1;1850
1;0;0;0;1;0;0;9;0;0;1;1;1850
1;0;0;1;0;0;0;9;0;1;1;0;1850
1;0;0;0;1;0;0;16;0;0;1;1;1850
1;0;0;0;0;1;0;5;1;0;2;1;1850
1;0;0;0;0;1;0;5;1;0;2;0;1850
0;1;0;0;0;1;0;5;0;1;1;1;1850
0;1;0;0;0;1;0;5;0;0;1;1;1850
0;1;0;0;0;1;0;5;0;0;1;1;1850
0;1;0;0;0;0;1;2;1;0;2;0;1850
0;1;0;1;0;0;0;5;0;0;1;1;1850
0;1;0;0;0;1;0;4;0;1;1;1;1850
0;1;0;0;0;1;0;5;0;0;1;1;1850
0;1;0;0;0;1;0;9;0;0;2;1;1850
0;1;0;1;0;0;0;5;1;0;1;0;1850
0;1;0;0;1;0;0;9;0;0;1;1;1850
0;1;0;0;0;1;0;5;0;0;1;1;1850
0;0;1;1;0;0;0;5;0;1;1;0;1850
0;0;1;0;0;1;0;5;0;0;1;1;1850
0;0;1;0;1;0;0;15;0;0;1;1;1850
0;0;1;0;0;0;1;1;1;1;2;0;1850
0;0;1;0;0;1;0;5;0;0;2;0;1850
0;0;0;0;0;1;0;4;0;1;1;0;1850
0;0;0;0;0;1;0;4;0;0;1;1;1850
0;0;0;0;1;0;0;16;0;0;1;1;1850
0;0;0;0;0;1;0;9;0;0;2;1;1850
0;0;0;0;0;1;0;5;0;0;1;0;1850
0;0;0;0;0;1;0;5;1;0;1;0;1850
0;0;0;0;0;1;0;5;0;0;1;0;1850
0;0;0;0;0;0;0;3;0;1;1;1;1850
0;0;0;1;0;0;0;3;0;1;1;1;1850
0;0;0;0;1;0;0;16;0;0;1;1;1850
0;0;0;0;0;1;0;5;1;0;2;1;1850
0;0;0;0;1;0;0;9;0;0;1;1;1850
0;0;0;0;1;0;0;13;0;0;1;0;1850
0;0;0;0;0;1;0;5;1;0;1;0;1850
0;0;0;0;0;0;0;9;1;0;3;0;1854
1;0;0;0;1;0;0;13;0;1;1;1;1860
1;0;0;1;0;0;0;6;0;1;1;0;1870
0;1;0;0;0;1;0;4;0;1;1;1;1870
0;1;0;0;0;0;0;3;0;0;1;1;1870
0;0;0;0;0;0;0;3;0;0;1;1;1870
0;0;0;0;1;0;0;3;0;0;1;0;1870
0;0;0;0;0;1;0;9;1;0;1;1;1870
0;0;0;0;1;0;0;9;0;1;1;0;1870
0;1;0;1;0;0;0;5;0;0;2;0;1875
0;1;0;0;0;1;0;5;0;0;1;1;1880
0;1;0;1;0;0;0;5;0;0;2;0;1880
0;0;0;1;0;0;0;4;0;1;2;0;1880
0;0;0;1;0;0;0;4;0;0;1;0;1880
0;0;0;1;0;0;0;4;0;0;1;0;1880
0;0;0;0;0;1;0;9;0;0;2;0;1880
0;0;0;0;0;1;0;9;0;0;2;1;1880
0;0;0;0;1;0;0;13;1;0;1;0;1880
0;0;1;0;1;0;0;17;0;0;1;1;1881
0;0;0;0;1;0;0;17;0;0;1;0;1884
1;0;0;0;0;1;0;5;0;1;1;0;1890
0;1;0;1;0;0;0;5;0;0;1;0;1890
0;0;0;0;0;0;0;3;1;0;1;0;1890
0;0;0;0;1;0;0;16;0;1;1;1;1890
0;0;0;0;1;0;0;9;0;0;1;1;1890
0;0;0;0;0;1;0;9;0;0;2;1;1890
0;0;0;0;1;0;0;9;0;1;1;1;1893
1;0;0;1;0;0;0;3;0;0;1;1;1899
0;0;1;0;1;0;0;17;0;0;1;1;1899
1;0;0;0;1;0;0;17;0;0;1;0;1900
1;0;0;1;0;0;0;3;0;1;2;1;1900
1;0;0;0;0;1;0;5;0;0;2;1;1900
1;0;0;1;0;0;0;5;0;1;2;1;1900
1;0;0;0;0;0;1;2;0;1;3;0;1900
1;0;0;1;0;0;0;4;0;0;2;0;1900
1;0;0;0;1;0;0;3;0;0;1;1;1900
1;0;0;0;1;0;0;17;0;0;1;0;1900
0;1;0;0;1;0;0;9;0;0;1;0;1900
0;1;0;0;1;0;0;14;0;0;1;0;1900
0;1;0;0;0;1;0;5;1;0;1;1;1900
0;0;1;0;0;1;0;4;0;0;1;0;1900
0;0;1;0;0;0;1;1;1;1;3;0;1900
0;0;1;1;0;0;0;5;0;0;1;0;1900
0;0;1;0;1;0;0;16;0;0;1;0;1900
0;0;0;0;1;0;0;9;0;0;1;0;1900
0;0;0;0;0;0;0;5;0;0;1;1;1900
0;0;0;1;0;0;0;5;0;1;1;1;1900
0;0;0;1;0;0;0;3;1;0;1;0;1900
0;0;0;1;0;0;0;5;0;1;2;1;1900
0;0;0;0;0;1;0;5;0;0;1;1;1900
0;0;0;0;1;0;0;16;0;0;1;1;1900
0;0;0;0;1;0;0;9;0;0;1;1;1900
0;0;0;1;0;0;0;9;0;0;1;1;1900
0;0;0;0;0;1;0;9;0;0;2;0;1900
0;0;0;0;1;0;0;9;0;0;1;1;1900
0;0;0;0;0;1;0;9;0;0;2;1;1900
0;0;0;1;0;0;0;5;0;1;1;1;1900
0;0;0;0;0;1;0;5;0;0;1;1;1900
0;0;0;0;0;1;0;5;1;0;1;0;1900
0;0;0;0;1;0;0;9;0;0;1;0;1910
0;1;0;0;0;1;0;5;1;0;1;0;1920
0;0;0;1;0;0;0;5;0;1;2;0;1920
0;0;0;0;1;0;0;12;0;0;1;1;1920
0;0;0;0;0;1;0;4;0;0;1;1;1920
0;0;1;0;1;0;0;17;1;0;1;1;1922
1;0;0;0;0;1;0;5;0;0;2;1;1930
1;0;0;1;0;0;0;5;0;0;2;0;1930
0;0;0;1;0;0;0;5;0;1;1;0;1930
0;1;0;0;1;0;0;16;0;0;1;0;1940
0;0;0;0;0;1;0;9;0;0;2;1;1940
0;0;0;0;1;0;0;17;0;0;1;1;1940
0;0;0;0;1;0;0;17;0;0;1;0;1940
0;1;0;0;1;0;0;9;0;0;1;1;1949
1;0;0;0;0;1;0;9;0;0;1;1;1950
1;0;0;0;0;1;0;5;1;0;2;0;1950
1;0;0;1;0;0;0;2;0;1;2;0;1950
1;0;0;1;0;0;0;4;0;0;2;1;1950
1;0;0;0;0;1;0;5;1;0;2;0;1950
1;0;0;0;1;0;0;13;0;0;1;1;1950
1;0;0;1;0;0;0;9;0;0;1;1;1950
0;1;0;1;0;0;0;5;0;0;1;0;1950
0;1;0;1;0;0;0;5;0;0;1;0;1950
0;1;0;0;0;1;0;9;0;0;2;0;1950
0;1;0;1;0;0;0;5;0;0;1;1;1950
0;1;0;1;0;0;0;9;0;0;1;1;1950
0;1;0;1;0;0;0;5;1;0;1;0;1950
0;1;0;0;0;1;0;4;0;0;1;1;1950
0;1;0;0;1;0;0;10;0;0;1;1;1950
0;1;0;0;1;0;0;7;0;0;1;1;1950
0;0;1;1;0;0;0;5;0;0;1;0;1950
0;0;1;1;0;0;0;5;0;0;2;1;1950
0;0;1;0;1;0;0;18;0;0;2;1;1950
0;0;1;0;1;0;0;17;0;0;1;1;1950
0;0;1;0;0;1;0;5;0;0;1;1;1950
0;0;1;0;0;1;0;5;0;0;1;1;1950
0;0;0;1;0;0;0;3;0;1;1;1;1950
0;0;0;1;0;0;0;5;0;0;1;0;1950
0;0;0;0;1;0;0;16;0;0;1;1;1950
0;0;0;0;1;0;0;9;1;0;1;0;1950
0;0;0;1;0;0;0;3;1;0;2;0;1950
0;0;0;1;0;0;0;3;1;0;2;0;1950
0;0;0;0;1;0;0;14;0;0;1;1;1950
0;0;0;0;1;0;0;13;0;0;1;0;1950
0;0;0;1;0;0;0;15;0;0;1;1;1950
0;0;0;0;1;0;0;15;0;0;1;1;1950
0;0;0;0;0;1;0;9;0;0;2;1;1950
0;0;0;1;0;0;0;5;1;0;2;0;1950
0;0;0;0;0;0;0;5;0;0;1;1;1950
0;0;0;0;0;0;0;6;0;0;1;0;1950
0;0;0;0;0;1;0;5;0;0;1;0;1950
0;0;0;1;0;0;0;6;0;0;1;1;1950
0;0;0;0;1;0;0;15;0;0;1;1;1950
0;0;0;0;0;1;0;5;0;1;2;1;1950
0;0;0;0;1;0;0;10;0;0;1;1;1950
0;1;0;0;1;0;0;15;0;0;1;1;1960
0;0;1;1;0;0;0;5;1;0;1;0;1960
0;1;0;0;1;0;0;10;0;1;1;0;1970
0;1;0;0;1;0;0;16;0;0;2;0;1970
0;0;1;0;0;1;0;5;0;0;1;1;1970
0;0;0;1;0;0;0;4;0;1;1;0;1970
0;0;0;1;0;0;0;5;0;1;2;1;1970
0;0;0;0;0;1;0;5;1;0;2;0;1970
0;0;0;0;1;0;0;12;0;0;1;1;1970
1;0;0;0;0;1;0;5;0;0;2;1;1980
0;1;0;1;0;0;0;5;0;0;1;0;1980
0;1;0;0;1;0;0;9;0;0;1;1;1980
0;1;0;0;1;0;0;16;0;0;1;1;1980
0;0;1;1;0;0;0;5;1;0;2;0;1980
0;0;1;0;1;0;0;17;0;0;1;1;1980
0;0;0;1;0;0;0;9;0;0;1;1;1980
1;0;0;0;0;0;1;2;0;1;4;0;1990
1;0;0;0;0;1;0;5;0;0;2;1;1990
1;0;0;0;0;1;0;9;1;0;2;1;1990
0;1;0;0;1;0;0;10;0;1;1;0;1990
0;1;0;1;0;0;0;5;0;0;1;0;1990
0;1;0;0;0;1;0;5;0;0;1;1;1990
0;0;1;1;0;0;0;4;0;0;2;1;1990
0;0;0;1;0;0;0;4;1;0;1;0;1990
0;0;1;1;0;0;0;5;0;1;1;0;1995
0;1;0;1;0;0;0;5;0;0;2;0;1999
0;0;0;1;0;0;0;4;0;0;1;0;1999
1;0;0;0;0;1;0;5;1;0;3;0;2000
1;0;0;0;1;0;0;9;0;0;1;1;2000
1;0;0;0;1;0;0;6;0;1;1;1;2000
1;0;0;0;0;1;0;5;0;0;1;1;2000
1;0;0;0;1;0;0;13;0;0;1;1;2000
1;0;0;1;0;0;0;13;0;0;1;1;2000
1;0;0;0;0;1;0;5;0;0;2;1;2000
1;0;0;0;0;1;0;5;1;0;2;0;2000
0;1;0;1;0;0;0;5;0;1;1;0;2000
0;1;0;0;1;0;0;16;1;0;1;0;2000
0;1;0;0;1;0;0;17;0;0;1;1;2000
0;1;0;0;0;1;0;4;0;1;1;1;2000
0;1;0;0;0;1;0;5;0;1;1;0;2000
0;1;0;0;0;1;0;5;0;0;1;1;2000
0;1;0;0;0;1;0;5;0;0;1;1;2000
0;1;0;0;0;1;0;5;0;0;1;1;2000
0;1;0;1;0;0;0;13;1;0;1;1;2000
0;1;0;0;0;1;0;5;1;0;1;0;2000
0;1;0;0;0;1;0;5;1;0;1;0;2000
0;1;0;0;0;1;0;9;0;0;1;1;2000
0;0;1;0;1;0;0;17;0;0;2;1;2000
0;0;1;0;0;1;0;5;0;0;1;1;2000
0;0;0;1;0;0;0;5;0;0;1;0;2000
0;0;0;0;0;0;0;2;0;1;1;1;2000
0;0;0;1;0;0;0;4;0;0;1;1;2000
0;0;0;1;0;0;0;4;0;1;2;1;2000
0;0;0;0;0;0;0;4;0;0;1;1;2000
0;0;0;0;0;0;0;4;0;1;1;1;2000
0;0;0;0;0;0;0;4;0;1;1;0;2000
0;0;0;0;0;0;0;3;1;0;2;1;2000
0;0;0;0;0;0;0;3;1;0;3;1;2000
0;0;0;0;1;0;0;3;1;0;1;0;2000
0;0;0;0;0;1;0;5;1;0;2;1;2000
0;0;0;0;0;1;0;5;0;0;1;1;2000
0;0;0;0;0;1;0;9;0;0;2;1;2000
0;0;0;0;0;1;0;5;0;0;3;1;2000
0;0;0;0;0;1;0;5;1;0;1;0;2000
0;1;0;1;0;0;0;3;1;0;3;0;2020
0;0;1;0;1;0;0;17;0;0;1;1;2020
0;0;0;0;0;0;0;5;0;1;2;1;2020
1;0;0;0;1;0;0;9;0;0;1;1;2030
0;1;0;0;1;0;0;10;0;1;1;1;2030
0;0;1;0;0;1;0;5;0;0;1;0;2030
0;1;0;0;1;0;0;16;0;0;2;0;2032
0;0;1;1;0;0;0;5;0;1;1;0;2040
1;0;0;0;0;1;0;5;0;1;2;1;2050
1;0;0;1;0;0;0;5;1;0;3;0;2050
1;0;0;0;0;1;0;5;1;0;2;0;2050
1;0;0;0;1;0;0;17;1;0;2;0;2050
0;1;0;0;1;0;0;17;0;0;1;0;2050
0;1;0;1;0;0;0;5;0;1;1;0;2050
0;1;0;1;0;0;0;3;0;0;2;0;2050
0;1;0;0;1;0;0;9;0;0;1;1;2050
0;1;0;0;1;0;0;14;0;0;1;0;2050
0;1;0;0;0;1;0;5;0;0;1;1;2050
0;1;0;1;0;0;0;4;0;1;1;1;2050
0;1;0;0;0;1;0;5;0;0;1;1;2050
0;1;0;0;0;1;0;5;0;1;1;1;2050
0;1;0;0;0;1;0;9;1;0;1;1;2050
0;1;0;1;0;0;0;7;0;0;1;0;2050
0;1;0;0;1;0;0;16;0;0;1;1;2050
0;1;0;1;0;0;0;3;0;0;2;0;2050
0;1;0;1;0;0;0;3;0;0;2;0;2050
0;0;1;0;1;0;0;10;0;1;1;1;2050
0;0;1;1;0;0;0;5;0;1;1;1;2050
0;0;1;0;1;0;0;9;0;0;1;1;2050
0;0;1;0;0;0;1;2;1;0;2;0;2050
0;0;1;1;0;0;0;5;1;0;2;0;2050
0;0;0;1;0;0;0;5;0;1;2;0;2050
0;0;0;1;0;0;0;5;0;1;1;0;2050
0;0;0;0;0;1;0;4;0;0;1;1;2050
0;0;0;0;1;0;0;5;0;0;2;1;2050
0;0;0;0;0;1;0;5;0;1;2;0;2050
0;0;0;1;0;0;0;5;0;0;1;0;2050
0;0;0;0;0;1;0;5;0;0;3;1;2050
0;0;0;0;0;1;0;9;1;0;2;1;2050
0;0;0;0;0;1;0;5;1;0;2;0;2050
0;0;0;0;1;0;0;9;0;0;1;1;2050
0;0;0;0;1;0;0;4;0;1;1;1;2050
0;0;0;0;0;0;0;4;0;0;1;1;2050
0;0;0;0;1;0;0;13;0;0;1;1;2050
0;0;0;0;0;1;0;5;0;0;2;0;2050
0;0;0;0;0;1;0;5;0;0;3;0;2050
0;0;0;0;0;1;0;5;1;0;2;0;2050
1;0;0;0;0;1;0;5;1;0;2;0;2060
0;1;0;1;0;0;0;5;1;0;1;1;2060
0;1;0;0;0;1;0;9;0;0;2;1;2060
0;1;0;1;0;0;0;3;0;0;2;0;2070
0;0;0;0;0;1;0;5;0;0;3;1;2070
1;0;0;0;0;0;0;9;0;0;1;1;2080
0;1;0;0;0;1;0;5;1;0;2;0;2080
0;1;0;1;0;0;0;5;0;0;1;1;2090
0;1;0;0;0;1;0;9;0;1;1;1;2090
0;1;0;0;1;0;0;16;0;0;1;0;2090
0;1;0;0;1;0;0;15;0;0;1;1;2099
1;0;0;1;0;0;0;5;0;0;2;0;2100
1;0;0;1;0;0;0;16;0;0;1;1;2100
1;0;0;0;0;1;0;5;0;1;2;1;2100
1;0;0;1;0;0;0;3;1;0;2;0;2100
1;0;0;0;0;1;0;5;1;0;2;0;2100
1;0;0;1;0;0;0;5;0;0;2;0;2100
1;0;0;1;0;0;0;5;0;1;1;1;2100
1;0;0;1;0;0;0;4;0;0;4;0;2100
1;0;0;0;0;1;0;9;0;0;2;1;2100
1;0;0;0;0;1;0;5;0;1;2;1;2100
0;1;0;1;0;0;0;7;0;0;1;0;2100
0;1;0;0;0;1;0;9;1;0;1;0;2100
0;1;0;1;0;0;0;4;0;0;1;0;2100
0;1;0;0;1;0;0;15;1;0;1;1;2100
0;0;1;0;0;1;0;9;0;0;1;1;2100
0;0;1;1;0;0;0;5;0;0;1;0;2100
0;0;0;0;1;0;0;10;1;0;1;1;2100
0;0;0;0;0;1;0;5;0;0;2;1;2100
0;0;0;0;0;1;0;5;0;1;1;1;2100
0;0;0;0;1;0;0;18;0;0;1;1;2100
0;0;0;0;1;0;0;4;0;0;1;0;2100
0;0;0;1;0;0;0;5;0;1;2;1;2100
0;0;0;0;0;1;0;5;0;0;2;0;2100
0;0;0;0;0;1;0;5;1;0;2;0;2100
0;0;0;1;0;0;0;5;0;0;1;1;2100
0;0;0;0;1;0;0;6;0;0;2;1;2100
0;0;0;0;0;0;0;5;0;1;1;1;2100
0;0;0;0;1;0;0;3;0;1;2;0;2100
0;0;0;0;1;0;0;13;0;0;1;1;2100
0;0;0;0;0;1;0;5;1;0;2;0;2100
0;0;0;0;0;1;0;5;1;0;2;0;2100
0;0;0;0;0;1;0;5;1;0;2;0;2100
0;0;0;0;0;1;0;5;0;0;2;1;2100
0;1;0;1;0;0;0;9;0;0;1;1;2105
0;1;0;1;0;0;0;5;1;0;1;1;2130
0;0;1;1;0;0;0;5;0;0;2;1;2130
0;0;0;0;1;0;0;13;0;0;1;1;2130
0;1;0;0;0;0;0;15;0;0;2;0;2142
0;0;0;0;1;0;0;5;0;0;2;1;2147
1;0;0;1;0;0;0;3;0;0;1;1;2150
1;0;0;0;0;1;0;5;0;0;2;1;2150
1;0;0;0;1;0;0;5;1;0;2;0;2150
1;0;0;0;0;1;0;5;1;0;2;0;2150
1;0;0;0;0;1;0;5;0;1;2;1;2150
1;0;0;0;0;1;0;5;0;1;2;1;2150
1;0;0;0;0;1;0;5;0;0;2;1;2150
1;0;0;0;0;1;0;5;1;0;2;0;2150
1;0;0;1;0;0;0;5;0;1;2;1;2150
1;0;0;0;0;1;0;5;0;0;2;1;2150
1;0;0;0;0;1;0;5;0;0;2;1;2150
1;0;0;1;0;0;0;9;0;0;2;1;2150
0;1;0;1;0;0;0;4;0;0;1;1;2150
0;1;0;0;0;1;0;5;0;0;1;1;2150
0;1;0;0;1;0;0;9;0;1;1;0;2150
0;1;0;1;0;0;0;9;0;1;1;1;2150
0;1;0;1;0;0;0;5;0;1;1;0;2150
0;1;0;1;0;0;0;4;0;0;1;0;2150
0;1;0;1;0;0;0;5;0;0;1;1;2150
0;1;0;1;0;0;0;5;0;0;1;0;2150
0;1;0;1;0;0;0;5;1;0;2;0;2150
0;1;0;0;0;1;0;5;1;0;1;0;2150
0;1;0;0;0;1;0;9;0;1;2;0;2150
0;1;0;1;0;0;0;4;0;0;1;0;2150
0;0;1;0;1;0;0;17;0;0;1;1;2150
0;0;1;0;0;0;0;10;1;0;1;0;2150
0;0;1;0;1;0;0;10;0;0;1;1;2150
0;0;1;0;1;0;0;3;0;0;2;1;2150
0;0;1;1;0;0;0;17;0;0;1;1;2150
0;0;1;1;0;0;0;10;0;1;1;1;2150
0;0;0;1;0;0;0;4;0;0;2;0;2150
0;0;0;1;0;0;0;11;1;0;1;0;2150
0;0;0;0;0;1;0;5;0;0;1;1;2150
0;0;0;0;0;1;0;5;0;0;2;1;2150
0;0;0;1;0;0;0;9;0;0;1;1;2150
0;0;0;0;0;1;0;5;0;0;2;1;2150
0;0;0;0;0;1;0;4;0;1;2;0;2150
0;0;0;0;1;0;0;9;1;0;1;0;2150
0;0;0;0;0;1;0;5;0;0;2;1;2150
0;0;0;0;0;0;0;4;0;1;1;1;2150
0;0;0;0;0;0;0;3;0;1;1;1;2150
0;0;0;0;1;0;0;5;0;0;2;1;2150
0;0;0;0;0;0;0;5;1;0;2;1;2150
0;0;0;0;0;1;0;5;0;1;2;1;2150
1;0;0;0;1;0;0;6;0;0;1;1;2163
0;1;0;0;1;0;0;9;0;0;1;0;2170
0;0;0;0;0;1;0;5;1;0;2;0;2170
0;0;0;1;0;0;0;4;0;0;2;0;2170
0;0;0;0;0;1;0;4;1;0;2;0;2170
0;0;0;0;1;0;0;11;0;0;2;0;2177
1;0;0;1;0;0;0;5;0;0;2;1;2180
0;0;1;1;0;0;0;4;0;1;1;0;2180
0;0;0;0;0;1;0;4;0;0;2;0;2180
0;0;0;0;0;0;0;5;0;1;1;1;2180
0;0;0;0;0;1;0;9;0;0;2;1;2180
0;0;0;0;0;1;0;5;0;0;1;1;2180
0;1;0;1;0;0;0;5;0;1;3;0;2190
0;0;1;0;1;0;0;17;0;0;1;1;2190
0;0;1;0;1;0;0;17;0;0;1;1;2190
0;0;0;0;1;0;0;9;0;0;1;1;2190
0;0;0;0;1;0;0;16;0;0;1;0;2190
0;0;0;1;0;0;0;5;1;0;3;0;2190
0;0;0;0;1;0;0;13;0;0;1;0;2195
1;0;0;0;1;0;0;7;0;0;1;1;2199
0;1;0;1;0;0;0;9;0;0;1;1;2199
0;0;0;0;0;1;0;5;1;0;2;0;2199
1;0;0;1;0;0;0;4;0;0;2;0;2200
1;0;0;0;1;0;0;15;0;0;1;1;2200
1;0;0;0;0;1;0;5;1;0;3;1;2200
1;0;0;0;0;1;0;5;1;0;3;0;2200
1;0;0;0;1;0;0;10;0;0;1;0;2200
1;0;0;0;1;0;0;10;0;0;1;1;2200
1;0;0;0;1;0;0;9;0;0;1;1;2200
1;0;0;0;0;1;0;5;0;1;2;1;2200
1;0;0;0;0;1;0;5;1;0;2;0;2200
1;0;0;0;0;1;0;5;0;1;2;1;2200
1;0;0;0;0;0;1;2;0;1;3;0;2200
1;0;0;0;0;1;0;5;0;0;2;1;2200
1;0;0;0;0;1;0;5;0;0;2;1;2200
1;0;0;0;0;1;0;5;0;0;2;1;2200
1;0;0;0;0;1;0;5;1;0;3;0;2200
1;0;0;1;0;0;0;2;1;0;3;0;2200
1;0;0;0;0;1;0;5;0;0;3;1;2200
0;1;0;0;0;1;0;5;0;0;1;0;2200
0;1;0;0;1;0;0;5;0;0;1;0;2200
0;1;0;1;0;0;0;5;1;0;1;1;2200
0;1;0;0;0;1;0;5;1;0;2;0;2200
0;1;0;0;1;0;0;16;0;1;1;1;2200
0;1;0;0;1;0;0;9;0;0;1;1;2200
0;1;0;0;0;1;0;5;1;0;2;0;2200
0;1;0;0;1;0;0;18;0;0;1;1;2200
0;1;0;1;0;0;0;4;0;0;2;0;2200
0;1;0;1;0;0;0;4;0;1;2;0;2200
0;0;1;1;0;0;0;4;0;1;1;0;2200
0;0;1;1;0;0;0;4;0;1;2;0;2200
0;0;1;1;0;0;0;3;0;1;1;1;2200
0;0;1;1;0;0;0;5;0;0;1;1;2200
0;0;1;0;1;0;0;17;0;0;1;1;2200
0;0;1;1;0;0;0;5;0;0;1;1;2200
0;0;0;1;0;0;0;3;0;0;1;1;2200
0;0;0;1;0;0;0;4;1;0;1;1;2200
0;0;0;0;0;0;0;4;0;0;1;1;2200
0;0;0;0;0;0;0;5;0;0;1;1;2200
0;0;0;0;1;0;0;6;0;0;1;0;2200
0;0;0;1;0;0;0;5;0;0;1;0;2200
0;0;0;1;0;0;0;5;0;0;1;0;2200
0;0;0;0;1;0;0;9;1;0;1;1;2200
0;0;0;0;0;1;0;9;0;0;2;1;2200
0;0;0;1;0;0;0;5;0;0;2;1;2200
0;0;0;1;0;0;0;4;0;0;2;0;2200
0;0;0;0;0;0;0;5;0;1;1;1;2200
0;0;0;0;0;0;0;4;0;0;2;1;2200
0;0;0;1;0;0;0;9;0;0;1;1;2200
0;0;0;0;0;1;0;5;0;0;1;1;2200
0;0;0;0;0;1;0;5;0;0;2;1;2200
0;0;0;0;0;1;0;4;1;0;2;0;2200
0;0;0;1;0;0;0;4;0;1;2;1;2200
0;0;0;0;0;1;0;5;0;0;2;1;2200
0;0;0;1;0;0;0;4;1;0;1;1;2200
0;0;0;1;0;0;0;4;1;0;1;1;2200
0;0;0;0;1;0;0;9;0;0;2;1;2208
0;0;0;0;0;1;0;5;0;1;2;1;2210
1;0;0;0;1;0;0;9;0;0;1;1;2220
0;1;0;1;0;0;0;4;0;1;2;0;2220
0;1;0;1;0;0;0;9;0;0;1;1;2220
0;0;0;0;0;1;0;5;0;0;2;1;2220
0;0;0;0;1;0;0;14;0;0;1;1;2220
1;0;0;0;0;1;0;5;1;0;2;0;2230
0;1;0;1;0;0;0;16;0;0;1;1;2230
0;0;1;1;0;0;0;17;1;0;2;0;2230
0;0;0;0;0;0;0;4;0;1;2;1;2230
0;0;0;0;1;0;0;11;0;0;1;1;2230
0;0;0;1;0;0;0;9;0;0;1;0;2230
0;0;0;1;0;0;0;5;0;0;1;0;2235
1;0;0;1;0;0;0;5;0;0;2;1;2240
1;0;0;0;0;1;0;5;0;0;2;1;2240
1;0;0;0;0;0;0;5;0;0;1;1;2250
1;0;0;0;0;1;0;5;0;0;2;1;2250
1;0;0;0;0;1;0;4;0;1;2;1;2250
1;0;0;0;0;1;0;5;0;0;2;1;2250
1;0;0;1;0;0;0;4;1;0;2;0;2250
1;0;0;1;0;0;0;4;1;0;2;0;2250
1;0;0;0;0;1;0;5;0;0;2;1;2250
1;0;0;1;0;0;0;4;0;1;3;1;2250
1;0;0;0;0;1;0;5;1;0;2;0;2250
0;1;0;0;0;1;0;4;0;0;1;0;2250
0;1;0;1;0;0;0;5;0;0;2;0;2250
0;1;0;1;0;0;0;4;0;1;2;0;2250
0;1;0;0;0;1;0;5;0;1;2;1;2250
0;1;0;1;0;0;0;4;0;1;2;0;2250
0;1;0;1;0;0;0;2;1;0;2;0;2250
0;1;0;1;0;0;0;5;0;1;1;1;2250
0;1;0;0;1;0;0;16;0;0;1;1;2250
0;1;0;1;0;0;0;7;0;0;1;0;2250
0;0;1;1;0;0;0;4;1;0;2;0;2250
0;0;1;0;0;0;0;10;0;0;1;1;2250
0;0;1;1;0;0;0;10;0;0;1;1;2250
0;0;0;0;0;0;0;3;1;0;2;1;2250
0;0;0;0;0;0;0;5;0;0;1;0;2250
0;0;0;1;0;0;0;5;0;0;1;0;2250
0;0;0;1;0;0;0;15;0;0;1;1;2250
0;0;0;1;0;0;0;4;0;0;2;0;2250
0;0;0;0;0;1;0;9;0;0;2;1;2250
0;0;0;0;0;1;0;5;0;1;2;1;2250
0;0;0;0;1;0;0;9;0;0;2;1;2257
0;1;0;1;0;0;0;4;0;1;2;0;2260
0;0;0;0;1;0;0;6;0;0;1;1;2260
0;0;0;0;0;0;0;5;0;1;4;0;2262
0;1;0;0;1;0;0;15;0;0;2;1;2265
1;0;0;1;0;0;0;5;0;0;2;1;2270
0;1;0;0;0;1;0;5;0;1;2;1;2270
0;0;1;0;0;1;0;5;0;1;1;1;2270
0;0;1;1;0;0;0;5;1;0;3;0;2270
0;0;1;0;0;1;0;5;1;0;2;1;2270
0;0;1;1;0;0;0;5;0;0;1;1;2280
0;0;0;1;0;0;0;4;0;1;2;1;2280
0;0;0;1;0;0;0;5;0;0;1;1;2280
0;0;0;1;0;0;0;4;0;0;1;0;2280
0;0;0;0;0;1;0;5;0;1;2;1;2280
0;0;0;0;0;1;0;5;0;1;2;1;2280
0;0;0;1;0;0;0;4;0;1;1;1;2280
1;0;0;1;0;0;0;5;0;0;3;1;2290
1;0;0;0;0;1;0;9;0;0;2;1;2290
0;0;1;1;0;0;0;5;0;1;1;1;2290
0;0;1;0;0;0;0;10;0;0;1;1;2290
0;0;0;0;1;0;0;16;0;0;1;1;2290
0;1;0;0;1;0;0;16;0;0;2;0;2296
0;1;0;0;1;0;0;16;0;0;2;0;2296
0;1;0;0;1;0;0;16;0;0;2;0;2296
0;1;0;0;1;0;0;16;0;0;1;0;2297
0;1;0;0;0;1;0;5;0;0;2;1;2299
1;0;0;0;0;1;0;9;0;1;1;1;2300
1;0;0;1;0;0;0;5;1;0;2;0;2300
1;0;0;0;1;0;0;3;0;0;2;0;2300
1;0;0;0;0;1;0;5;0;0;2;1;2300
1;0;0;1;0;0;0;5;0;0;4;1;2300
0;1;0;0;1;0;0;10;0;0;1;1;2300
0;1;0;1;0;0;0;5;0;0;2;1;2300
0;1;0;1;0;0;0;5;1;0;1;0;2300
0;1;0;0;0;0;0;3;1;0;1;1;2300
0;1;0;0;0;0;0;3;1;0;1;1;2300
0;1;0;0;0;1;0;5;0;0;1;1;2300
0;1;0;1;0;0;0;16;0;0;1;1;2300
0;1;0;0;1;0;0;5;1;0;1;0;2300
0;1;0;0;0;1;0;5;1;0;1;0;2300
0;1;0;1;0;0;0;10;0;0;1;1;2300
0;1;0;0;1;0;0;9;0;0;1;1;2300
0;1;0;1;0;0;0;4;0;1;1;0;2300
0;1;0;0;1;0;0;10;0;0;1;1;2300
0;1;0;0;0;1;0;5;0;1;2;1;2300
0;1;0;0;0;1;0;5;0;1;2;1;2300
0;1;0;0;0;1;0;5;0;0;2;0;2300
0;1;0;0;0;1;0;5;0;0;2;1;2300
0;1;0;1;0;0;0;4;0;1;2;0;2300
0;1;0;0;0;0;0;9;0;1;1;1;2300
0;0;1;0;0;0;1;2;1;0;2;0;2300
0;0;1;0;1;0;0;9;0;0;1;1;2300
0;0;1;1;0;0;0;4;1;0;1;0;2300
0;0;1;0;0;1;0;5;0;0;2;1;2300
0;0;0;1;0;0;0;9;0;0;1;1;2300
0;0;0;1;0;0;0;5;0;1;1;1;2300
0;0;0;1;0;0;0;5;0;0;1;0;2300
0;0;0;1;0;0;0;5;0;1;2;0;2300
0;0;0;1;0;0;0;5;0;0;2;0;2300
0;0;0;0;1;0;0;9;0;0;1;1;2300
0;0;0;1;0;0;0;5;0;0;2;1;2300
0;0;0;1;0;0;0;4;0;0;2;0;2300
0;0;0;0;0;1;0;5;0;1;2;0;2300
0;0;0;1;0;0;0;4;0;1;2;0;2300
0;0;0;1;0;0;0;4;0;0;2;1;2300
0;0;0;0;0;1;0;5;0;1;2;1;2300
0;0;0;0;0;1;0;5;1;0;3;1;2300
0;0;0;0;0;1;0;5;1;0;2;0;2300
0;0;0;1;0;0;0;3;1;0;1;1;2300
0;0;0;1;0;0;0;5;0;0;2;1;2300
0;0;0;1;0;0;0;5;0;1;1;1;2300
0;0;0;0;0;1;0;5;0;0;2;1;2300
0;1;0;0;1;0;0;15;0;0;1;1;2310
0;1;0;0;1;0;0;15;0;0;2;1;2310
0;1;0;1;0;0;0;3;0;0;1;0;2320
0;1;0;0;0;0;0;16;0;0;2;0;2327
0;1;0;1;0;0;0;4;1;0;2;0;2330
0;1;0;0;0;1;0;5;0;0;2;0;2330
0;1;0;0;0;0;0;16;0;0;2;0;2330
0;0;1;0;0;1;0;5;0;1;2;1;2330
0;0;0;0;0;1;0;5;0;0;2;1;2330
0;1;0;0;0;0;0;16;1;0;2;0;2336
0;1;0;0;0;0;0;3;0;1;1;0;2340
0;0;1;1;0;0;0;2;1;0;2;0;2345
1;0;0;0;1;0;0;13;0;0;1;1;2350
1;0;0;0;0;1;0;4;0;0;2;1;2350
1;0;0;0;0;1;0;5;0;0;2;1;2350
1;0;0;1;0;0;0;9;0;0;1;1;2350
1;0;0;0;0;1;0;5;0;1;3;1;2350
0;1;0;0;1;0;0;10;0;0;1;0;2350
0;1;0;1;0;0;0;4;1;0;2;0;2350
0;1;0;1;0;0;0;4;1;0;2;0;2350
0;1;0;0;1;0;0;16;1;0;1;1;2350
0;1;0;1;0;0;0;4;1;0;2;0;2350
0;1;0;1;0;0;0;4;0;0;1;0;2350
0;1;0;1;0;0;0;11;0;0;1;0;2350
0;1;0;0;1;0;0;17;0;0;1;1;2350
0;1;0;0;0;1;0;5;0;0;2;0;2350
0;1;0;0;1;0;0;16;0;1;1;1;2350
0;1;0;1;0;0;0;4;0;0;2;0;2350
0;0;1;1;0;0;0;5;0;0;2;1;2350
0;0;1;0;0;1;0;5;0;0;2;1;2350
0;0;1;0;0;1;0;5;0;1;2;1;2350
0;0;0;1;0;0;0;5;0;0;1;1;2350
0;0;0;1;0;0;0;4;1;0;1;1;2350
0;0;0;0;1;0;0;9;0;0;1;1;2350
0;0;0;0;0;1;0;5;0;0;2;1;2350
0;0;0;0;0;1;0;5;0;0;2;1;2350
0;0;0;0;1;0;0;16;0;0;1;1;2350
0;0;0;0;0;1;0;9;0;0;2;1;2350
0;0;0;1;0;0;0;3;0;1;2;0;2350
0;0;0;1;0;0;0;5;0;0;1;1;2350
0;0;0;1;0;0;0;3;1;0;1;1;2350
0;0;0;1;0;0;0;5;0;0;1;1;2350
0;1;0;0;0;1;0;5;0;0;2;1;2360
0;0;1;0;1;0;0;10;0;0;1;0;2360
1;0;0;0;1;0;0;16;0;0;2;1;2370
0;1;0;0;0;1;0;5;0;0;1;1;2370
0;1;0;0;0;1;0;5;0;1;2;1;2370
0;1;0;1;0;0;0;5;0;0;2;0;2370
0;0;0;1;0;0;0;5;0;0;2;0;2370
0;0;0;0;1;0;0;11;0;0;1;0;2370
0;0;0;0;0;1;0;4;0;1;1;0;2370
0;1;0;0;1;0;0;18;1;0;1;0;2380
0;1;0;0;1;0;0;16;0;0;1;1;2380
0;0;1;1;0;0;0;5;0;1;2;1;2380
0;0;1;1;0;0;0;5;0;1;2;1;2380
0;0;0;1;0;0;0;4;0;1;2;1;2380
0;0;0;0;0;1;0;9;0;1;2;1;2380
0;0;1;0;1;0;0;17;0;0;1;1;2381
0;0;0;1;0;0;0;5;0;0;2;0;2390
0;0;0;0;1;0;0;16;0;0;1;1;2395
1;0;0;0;0;1;0;5;0;1;2;1;2400
1;0;0;0;0;1;0;5;0;0;3;1;2400
1;0;0;1;0;0;0;3;0;0;1;0;2400
1;0;0;0;1;0;0;9;0;0;2;1;2400
1;0;0;0;0;1;0;5;0;0;2;1;2400
1;0;0;1;0;0;0;5;1;0;2;1;2400
1;0;0;0;0;1;0;5;0;0;2;1;2400
1;0;0;0;1;0;0;16;1;0;2;0;2400
1;0;0;0;0;1;0;5;0;0;2;1;2400
1;0;0;0;0;1;0;5;1;0;3;0;2400
1;0;0;0;0;1;0;5;1;0;3;1;2400
1;0;0;0;0;1;0;5;0;0;2;1;2400
1;0;0;0;0;1;0;5;0;0;3;1;2400
1;0;0;0;1;0;0;5;0;0;3;1;2400
1;0;0;0;0;1;0;5;0;0;3;1;2400
0;1;0;1;0;0;0;4;0;1;2;0;2400
0;1;0;0;0;1;0;5;0;1;2;0;2400
0;1;0;0;0;1;0;5;1;0;2;1;2400
0;1;0;0;0;1;0;5;1;0;2;0;2400
0;1;0;0;0;1;0;5;0;0;2;1;2400
0;1;0;0;0;1;0;5;0;0;2;1;2400
0;1;0;1;0;0;0;5;0;0;1;1;2400
0;1;0;0;0;1;0;4;0;0;2;0;2400
0;1;0;1;0;0;0;5;0;0;1;1;2400
0;1;0;0;0;1;0;5;0;0;2;1;2400
0;0;1;1;0;0;0;5;0;1;2;1;2400
0;0;1;0;0;1;0;5;0;1;2;1;2400
0;0;1;1;0;0;0;5;0;1;2;0;2400
0;0;1;0;1;0;0;13;0;0;1;1;2400
0;0;0;0;1;0;0;7;0;0;1;0;2400
0;0;0;0;1;0;0;12;0;0;1;1;2400
0;0;0;1;0;0;0;9;0;0;1;1;2400
0;0;0;0;0;1;0;9;0;0;2;1;2400
0;0;0;1;0;0;0;3;0;0;1;0;2400
0;0;0;1;0;0;0;5;1;0;3;0;2400
0;0;0;0;0;1;0;5;1;0;2;1;2400
0;0;0;0;0;1;0;5;0;0;2;0;2400
0;0;0;0;0;1;0;5;1;0;2;1;2400
0;0;0;0;0;1;0;5;1;0;3;1;2400
0;0;0;0;1;0;0;16;0;0;3;1;2400
0;0;0;0;0;1;0;5;0;0;2;1;2400
0;0;0;0;1;0;0;17;0;0;1;1;2410
0;1;0;1;0;0;0;4;0;1;2;1;2420
0;1;0;0;1;0;0;19;0;0;1;1;2430
0;1;0;1;0;0;0;5;0;0;2;0;2430
0;1;0;0;1;0;0;16;0;0;1;1;2430
0;1;0;0;1;0;0;16;0;0;1;1;2430
0;0;1;1;0;0;0;9;0;0;1;1;2430
1;0;0;1;0;0;0;4;0;0;2;1;2450
1;0;0;1;0;0;0;9;0;0;1;1;2450
1;0;0;0;1;0;0;9;1;0;2;1;2450
1;0;0;1;0;0;0;4;0;0;4;1;2450
1;0;0;1;0;0;0;5;0;0;2;1;2450
1;0;0;0;0;1;0;5;1;0;4;0;2450
1;0;0;0;0;1;0;5;0;1;2;1;2450
1;0;0;0;0;1;0;5;0;0;2;1;2450
1;0;0;1;0;0;0;4;0;0;3;1;2450
0;1;0;1;0;0;0;5;0;0;2;0;2450
0;1;0;0;0;1;0;5;0;0;2;0;2450
0;1;0;0;0;1;0;5;0;0;2;1;2450
0;1;0;0;0;1;0;5;0;0;2;1;2450
0;1;0;0;1;0;0;16;0;0;1;1;2450
0;1;0;0;0;1;0;4;1;0;2;0;2450
0;1;0;0;0;1;0;5;0;0;2;0;2450
0;1;0;0;1;0;0;7;0;1;1;1;2450
0;1;0;0;0;1;0;5;0;0;2;1;2450
0;1;0;0;0;1;0;5;0;0;3;1;2450
0;0;1;1;0;0;0;7;0;0;1;1;2450
0;0;1;1;0;0;0;5;1;0;2;0;2450
0;0;0;1;0;0;0;5;0;1;2;1;2450
0;0;0;0;1;0;0;5;0;0;1;1;2450
0;0;0;1;0;0;0;4;0;0;2;1;2450
0;0;0;1;0;0;0;5;0;0;2;0;2450
0;0;0;0;0;1;0;5;0;0;2;1;2450
0;0;0;1;0;0;0;4;0;0;2;1;2450
0;0;0;1;0;0;0;5;1;0;3;0;2450
0;0;0;0;1;0;0;15;0;0;1;0;2450
0;0;0;0;0;1;0;5;0;0;2;1;2450
0;0;0;0;0;1;0;9;0;0;1;1;2450
0;0;0;1;0;0;0;5;0;0;2;0;2450
0;0;0;0;0;1;0;5;0;0;2;1;2450
0;0;0;0;0;1;0;5;0;0;2;1;2450
0;0;0;0;0;1;0;5;1;0;3;0;2450
1;0;0;0;1;0;0;17;0;0;1;1;2470
1;0;0;0;0;0;0;2;1;0;3;0;2470
0;1;0;0;0;1;0;5;0;0;2;1;2470
0;1;0;0;0;1;0;4;0;0;1;1;2470
0;1;0;1;0;0;0;4;1;0;1;1;2470
0;1;0;0;1;0;0;16;0;0;1;1;2470
0;1;0;1;0;0;0;4;0;0;1;0;2470
0;0;1;1;0;0;0;5;0;0;3;1;2470
0;0;1;0;0;1;0;5;1;0;2;1;2470
0;0;0;0;0;1;0;4;1;0;2;0;2470
0;0;0;0;0;1;0;5;0;0;2;1;2470
0;0;0;0;0;1;0;5;0;0;2;1;2470
0;1;0;0;0;1;0;5;0;1;1;1;2480
0;1;0;0;0;1;0;5;0;0;2;1;2480
0;0;0;0;1;0;0;3;0;0;2;1;2480
0;0;0;0;0;1;0;5;0;1;3;1;2480
0;0;1;0;1;0;0;17;0;0;2;0;2482
0;0;0;1;0;0;0;5;1;0;2;0;2485
0;1;0;0;0;1;0;5;1;0;2;0;2490
0;1;0;0;0;1;0;4;0;1;2;1;2490
0;0;0;0;1;0;0;6;0;0;1;1;2490
0;0;0;1;0;0;0;6;0;0;1;1;2490
0;0;0;0;0;0;0;4;0;0;1;1;2490
0;0;0;0;1;0;0;10;0;0;1;1;2490
0;1;0;0;1;0;0;6;0;0;1;1;2495
0;0;0;0;0;1;0;5;0;0;2;0;2495
1;0;0;1;0;0;0;5;0;1;2;1;2500
1;0;0;0;0;1;0;5;0;0;2;1;2500
1;0;0;0;0;1;0;5;0;0;2;0;2500
1;0;0;0;0;1;0;5;0;0;2;1;2500
1;0;0;0;0;1;0;5;0;1;4;1;2500
1;0;0;0;0;1;0;5;0;1;4;1;2500
1;0;0;0;0;1;0;5;0;0;3;1;2500
1;0;0;0;0;1;0;5;0;0;3;1;2500
1;0;0;0;0;1;0;5;0;0;3;1;2500
1;0;0;0;0;1;0;5;0;0;3;1;2500
1;0;0;0;0;1;0;5;0;0;3;1;2500
1;0;0;0;0;1;0;5;1;0;3;0;2500
1;0;0;0;0;0;1;2;1;0;4;0;2500
1;0;0;0;1;0;0;9;0;0;2;1;2500
1;0;0;0;1;0;0;16;0;0;2;1;2500
1;0;0;0;0;1;0;5;0;0;3;1;2500
1;0;0;1;0;0;0;2;0;1;3;1;2500
0;1;0;1;0;0;0;4;0;1;2;0;2500
0;1;0;0;1;0;0;9;0;0;1;0;2500
0;1;0;0;1;0;0;9;0;0;1;1;2500
0;1;0;0;0;0;1;1;1;1;2;0;2500
0;1;0;0;1;0;0;16;0;0;1;0;2500
0;1;0;0;1;0;0;16;0;0;1;1;2500
0;1;0;0;0;1;0;4;0;0;2;1;2500
0;1;0;1;0;0;0;5;1;0;1;0;2500
0;1;0;1;0;0;0;5;0;0;1;1;2500
0;1;0;0;1;0;0;9;0;1;1;1;2500
0;1;0;0;1;0;0;9;0;1;1;1;2500
0;1;0;0;0;1;0;5;1;0;2;1;2500
0;1;0;1;0;0;0;5;0;0;2;0;2500
0;1;0;0;0;1;0;5;0;0;2;0;2500
0;1;0;1;0;0;0;4;0;1;2;1;2500
0;1;0;0;1;0;0;16;0;1;2;0;2500
0;1;0;1;0;0;0;5;0;0;1;1;2500
0;1;0;0;1;0;0;10;0;0;1;1;2500
0;0;1;1;0;0;0;17;1;0;1;0;2500
0;0;1;1;0;0;0;5;0;0;1;1;2500
0;0;1;0;1;0;0;10;0;0;1;1;2500
0;0;1;1;0;0;0;13;0;0;1;1;2500
0;0;1;0;1;0;0;17;0;0;1;0;2500
0;0;0;1;0;0;0;5;0;0;2;0;2500
0;0;0;1;0;0;0;5;1;0;2;0;2500
0;0;0;1;0;0;0;11;0;0;1;1;2500
0;0;0;1;0;0;0;5;0;1;3;1;2500
0;0;0;0;0;1;0;9;0;0;2;1;2500
0;0;0;1;0;0;0;4;0;1;2;1;2500
0;0;0;0;1;0;0;10;0;0;1;1;2500
0;0;0;1;0;0;0;9;0;0;1;1;2500
0;0;0;0;0;1;0;5;0;0;2;1;2500
0;0;0;1;0;0;0;15;0;0;1;0;2500
0;0;0;0;1;0;0;15;0;0;1;1;2500
0;0;0;0;0;0;0;2;0;1;2;0;2500
0;0;0;0;0;1;0;9;0;0;2;1;2500
0;0;0;0;0;1;0;5;1;0;3;0;2500
0;1;0;1;0;0;0;5;0;1;3;0;2530
0;0;1;0;1;0;0;17;0;0;2;1;2530
0;0;0;0;0;1;0;5;0;1;2;1;2530
0;0;0;0;0;1;0;9;0;0;2;1;2530
0;1;0;0;0;0;0;16;0;0;2;0;2539
0;0;0;1;0;0;0;5;0;1;2;1;2540
0;0;1;0;1;0;0;17;0;0;2;1;2544
0;1;0;0;0;1;0;4;0;0;2;1;2545
0;0;0;1;0;0;0;5;0;1;1;1;2545
1;0;0;0;0;1;0;5;0;0;3;1;2550
1;0;0;0;0;1;0;5;1;0;3;1;2550
1;0;0;0;0;1;0;5;1;0;2;1;2550
1;0;0;0;0;1;0;5;0;0;4;1;2550
1;0;0;1;0;0;0;5;1;0;2;0;2550
0;1;0;0;0;1;0;5;1;0;2;0;2550
0;1;0;0;1;0;0;16;0;0;1;0;2550
0;1;0;1;0;0;0;5;0;0;2;0;2550
0;1;0;1;0;0;0;5;1;0;2;0;2550
0;1;0;0;1;0;0;9;0;0;1;1;2550
0;1;0;1;0;0;0;5;0;0;1;1;2550
0;1;0;0;0;1;0;5;0;0;2;1;2550
0;1;0;1;0;0;0;4;0;1;2;1;2550
0;1;0;1;0;0;0;4;0;1;2;1;2550
0;1;0;0;0;1;0;5;0;0;2;1;2550
0;1;0;0;1;0;0;14;0;0;1;1;2550
0;1;0;0;0;1;0;9;0;0;2;1;2550
0;1;0;0;0;1;0;5;0;1;2;1;2550
0;1;0;0;1;0;0;16;0;0;1;1;2550
0;1;0;1;0;0;0;17;0;0;1;1;2550
0;0;1;1;0;0;0;4;0;1;1;0;2550
0;0;1;0;0;1;0;9;0;0;2;1;2550
0;0;1;0;0;1;0;9;0;0;2;1;2550
0;0;0;0;1;0;0;9;0;1;1;0;2550
0;0;0;0;0;1;0;5;0;0;4;1;2550
0;0;0;0;0;1;0;5;0;1;2;1;2550
0;0;0;0;0;1;0;5;0;1;2;1;2550
0;0;0;0;0;0;0;4;1;0;2;1;2550
0;0;0;0;0;1;0;5;1;0;3;1;2550
0;0;0;1;0;0;0;3;0;1;3;1;2550
0;0;0;0;0;1;0;9;0;0;2;1;2550
0;0;0;0;0;1;0;9;1;0;2;1;2550
0;0;0;0;1;0;0;9;0;0;1;1;2550
0;0;0;0;0;1;0;5;0;0;3;1;2550
0;0;0;0;0;1;0;5;0;1;3;1;2550
0;1;0;0;0;0;0;16;0;0;2;0;2551
0;1;0;0;0;0;0;16;1;0;2;0;2552
0;1;0;0;0;0;0;16;0;0;2;0;2553
0;0;0;0;1;0;0;6;0;1;1;1;2557
0;1;0;0;0;0;0;16;0;0;2;0;2558
0;1;0;0;0;0;0;16;1;0;2;0;2558
0;1;0;1;0;0;0;5;1;0;1;1;2560
0;0;0;0;1;0;0;17;0;0;2;0;2560
0;0;0;0;1;0;0;16;0;0;1;1;2560
0;1;0;0;1;0;0;4;0;0;1;0;2570
0;1;0;0;0;1;0;4;0;0;2;1;2570
0;1;0;0;1;0;0;14;0;0;1;1;2570
0;0;0;0;1;0;0;18;0;0;1;1;2570
0;0;0;0;0;1;0;5;0;1;3;0;2570
0;1;0;0;0;0;0;16;0;0;2;0;2572
1;0;0;0;0;1;0;9;0;0;2;1;2580
0;1;0;0;0;1;0;5;1;0;2;0;2580
0;0;1;0;0;0;1;1;1;1;2;0;2580
0;0;0;0;0;1;0;5;0;0;2;1;2580
0;0;1;1;0;0;0;18;0;0;1;0;2585
0;1;0;1;0;0;0;4;0;0;1;0;2590
0;1;0;1;0;0;0;4;0;0;2;0;2590
0;1;0;1;0;0;0;9;0;0;1;1;2590
0;0;1;1;0;0;0;4;0;0;2;1;2590
0;0;1;1;0;0;0;4;0;0;2;1;2590
0;0;0;0;0;1;0;5;0;0;2;1;2590
0;1;0;1;0;0;0;17;0;0;1;1;2596
0;1;0;1;0;0;0;9;0;0;1;1;2599
0;0;0;0;1;0;0;18;0;0;1;1;2599
1;0;0;0;0;1;0;9;0;0;2;1;2600
1;0;0;0;0;1;0;5;0;1;2;1;2600
1;0;0;0;0;1;0;9;0;0;2;0;2600
1;0;0;1;0;0;0;5;0;0;2;1;2600
1;0;0;0;1;0;0;9;0;0;2;1;2600
1;0;0;0;0;1;0;5;0;0;3;1;2600
1;0;0;1;0;0;0;4;0;0;4;1;2600
0;1;0;0;0;1;0;5;0;0;2;1;2600
0;1;0;0;1;0;0;9;0;0;1;1;2600
0;1;0;0;1;0;0;8;0;0;1;0;2600
0;1;0;0;0;1;0;4;1;0;3;0;2600
0;1;0;1;0;0;0;5;0;0;2;1;2600
0;1;0;0;1;0;0;17;0;0;1;1;2600
0;1;0;0;0;1;0;5;0;0;2;1;2600
0;1;0;0;0;1;0;4;1;0;2;0;2600
0;1;0;0;0;1;0;5;0;0;2;1;2600
0;1;0;0;0;1;0;5;0;0;2;1;2600
0;1;0;0;1;0;0;9;0;0;1;1;2600
0;0;1;1;0;0;0;5;1;0;2;0;2600
0;0;1;0;0;0;1;2;1;0;3;0;2600
0;0;0;0;1;0;0;9;0;0;1;1;2600
0;0;0;1;0;0;0;5;1;0;2;1;2600
0;0;0;1;0;0;0;5;1;0;2;0;2600
0;0;0;1;0;0;0;10;1;0;1;0;2600
0;0;0;0;0;1;0;4;0;1;2;1;2600
0;0;0;0;0;1;0;9;0;1;2;1;2600
0;0;0;0;1;0;0;17;0;0;1;1;2600
0;0;0;0;1;0;0;18;0;0;1;1;2600
0;0;0;1;0;0;0;15;0;0;1;1;2600
0;0;0;1;0;0;0;16;0;0;1;1;2600
0;0;0;0;0;1;0;5;0;0;2;1;2600
0;0;0;0;0;1;0;5;0;0;3;1;2600
0;0;0;0;0;1;0;5;0;0;2;1;2600
0;1;0;0;1;0;0;2;1;0;3;0;2609
0;1;0;0;1;0;0;14;1;0;1;0;2620
0;0;0;0;0;1;0;5;0;0;3;1;2620
0;1;0;1;0;0;0;5;0;1;2;1;2630
0;1;0;1;0;0;0;16;0;0;1;1;2630
0;0;0;1;0;0;0;5;1;0;3;0;2630
0;0;0;0;0;1;0;9;0;0;2;1;2630
0;0;0;1;0;0;0;15;0;0;2;1;2630
0;0;0;0;1;0;0;15;0;0;2;1;2632
1;0;0;1;0;0;0;4;0;1;2;0;2640
0;0;1;1;0;0;0;4;0;0;3;0;2640
0;1;0;1;0;0;0;15;0;0;1;1;2645
1;0;0;0;1;0;0;17;0;0;2;1;2650
1;0;0;0;1;0;0;10;0;0;2;1;2650
1;0;0;0;0;1;0;5;0;0;3;1;2650
1;0;0;0;0;1;0;5;1;0;3;0;2650
1;0;0;0;1;0;0;9;0;0;1;1;2650
1;0;0;0;0;1;0;5;0;1;3;1;2650
1;0;0;0;0;1;0;5;0;1;3;1;2650
1;0;0;0;1;0;0;9;0;1;2;1;2650
1;0;0;1;0;0;0;10;0;0;2;1;2650
1;0;0;0;1;0;0;9;1;0;2;1;2650
1;0;0;0;0;1;0;9;0;1;2;1;2650
1;0;0;1;0;0;0;4;1;0;2;0;2650
1;0;0;0;0;1;0;9;0;0;3;1;2650
0;1;0;1;0;0;0;17;0;0;1;1;2650
0;1;0;1;0;0;0;17;0;0;2;0;2650
0;1;0;1;0;0;0;16;0;0;1;0;2650
0;1;0;0;1;0;0;16;0;0;1;0;2650
0;1;0;0;0;1;0;4;0;1;2;1;2650
0;1;0;0;0;1;0;5;0;0;2;0;2650
0;1;0;0;0;1;0;5;0;0;2;1;2650
0;1;0;1;0;0;0;4;1;0;2;0;2650
0;1;0;0;1;0;0;10;0;0;1;1;2650
0;1;0;0;0;1;0;5;0;1;3;1;2650
0;1;0;0;0;1;0;5;0;1;3;1;2650
0;1;0;1;0;0;0;4;0;0;2;0;2650
0;1;0;1;0;0;0;5;0;0;2;0;2650
0;1;0;1;0;0;0;4;1;0;2;0;2650
0;1;0;0;0;1;0;5;0;1;3;0;2650
0;1;0;1;0;0;0;9;0;0;1;1;2650
0;1;0;1;0;0;0;9;0;0;1;0;2650
0;1;0;0;1;0;0;14;0;0;1;1;2650
0;1;0;0;0;1;0;5;0;0;2;1;2650
0;1;0;0;0;1;0;9;1;0;2;1;2650
0;1;0;0;0;1;0;9;1;0;2;1;2650
0;1;0;0;0;0;0;16;0;0;2;0;2650
0;1;0;1;0;0;0;9;0;0;1;1;2650
0;1;0;0;1;0;0;15;0;0;1;1;2650
0;0;1;0;1;0;0;12;0;0;1;1;2650
0;0;1;0;1;0;0;3;1;0;1;0;2650
0;0;1;1;0;0;0;5;0;0;2;0;2650
0;0;1;0;1;0;0;9;0;0;1;1;2650
0;0;0;1;0;0;0;5;0;0;2;1;2650
0;0;0;1;0;0;0;4;1;0;3;0;2650
0;0;0;0;1;0;0;9;0;0;2;1;2650
0;0;0;0;0;1;0;5;0;0;3;1;2650
0;0;0;1;0;0;0;5;1;0;2;0;2650
0;0;0;0;0;1;0;5;0;0;3;1;2650
0;0;0;0;0;1;0;4;0;0;3;0;2650
0;0;0;0;0;1;0;4;0;0;3;1;2650
0;0;0;0;1;0;0;16;0;0;1;1;2650
0;0;0;0;0;1;0;5;0;0;3;1;2650
0;0;0;1;0;0;0;16;0;0;1;1;2650
0;0;0;0;1;0;0;10;0;1;1;1;2650
0;0;0;0;0;1;0;5;0;0;4;1;2650
0;0;0;0;0;1;0;5;0;0;3;1;2650
0;0;0;0;0;1;0;9;0;1;2;1;2650
0;0;0;0;0;1;0;9;0;1;2;1;2650
0;1;0;0;1;0;0;13;0;0;1;0;2655
0;1;0;0;0;1;0;5;0;0;3;1;2660
0;1;0;0;0;0;0;15;0;0;2;0;2662
0;0;0;0;1;0;0;16;0;0;1;1;2662
0;1;0;0;1;0;0;16;0;0;1;0;2666
1;0;0;1;0;0;0;5;0;1;4;1;2670
1;0;0;1;0;0;0;5;0;0;2;1;2670
0;1;0;0;1;0;0;8;0;0;1;1;2670
0;0;0;0;1;0;0;9;0;0;1;0;2670
0;0;0;0;0;1;0;5;0;1;2;1;2670
0;0;0;0;1;0;0;16;0;0;1;0;2672
0;1;0;0;0;0;0;15;0;0;2;0;2676
1;0;0;0;1;0;0;18;0;0;2;1;2680
0;1;0;1;0;0;0;12;0;0;1;1;2680
0;1;0;0;1;0;0;9;0;0;1;1;2680
0;1;0;1;0;0;0;4;0;1;2;1;2680
0;1;0;1;0;0;0;5;0;0;1;1;2680
0;0;0;1;0;0;0;4;0;0;2;1;2680
0;1;0;0;1;0;0;7;0;0;1;0;2690
0;0;0;0;0;1;0;5;0;0;3;1;2690
0;0;0;0;1;0;0;9;0;0;1;0;2690
0;0;0;0;1;0;0;9;0;0;2;1;2690
0;1;0;1;0;0;0;15;0;0;2;1;2696
1;0;0;0;0;1;0;5;0;0;3;1;2700
1;0;0;0;0;1;0;5;0;0;3;0;2700
1;0;0;0;1;0;0;12;0;0;2;1;2700
1;0;0;0;0;1;0;5;0;1;3;1;2700
1;0;0;1;0;0;0;17;0;0;2;1;2700
1;0;0;0;1;0;0;9;0;0;2;1;2700
1;0;0;0;0;1;0;5;0;1;3;1;2700
1;0;0;1;0;0;0;4;1;0;1;0;2700
1;0;0;0;0;1;0;9;0;0;2;1;2700
0;1;0;0;1;0;0;16;0;0;1;0;2700
0;1;0;0;0;1;0;5;0;1;2;1;2700
0;1;0;1;0;0;0;15;0;0;1;1;2700
0;1;0;0;1;0;0;10;0;0;1;1;2700
0;1;0;1;0;0;0;5;0;0;2;1;2700
0;1;0;0;1;0;0;10;0;0;1;1;2700
0;1;0;0;0;1;0;5;0;0;2;0;2700
0;1;0;0;0;1;0;5;0;0;2;1;2700
0;1;0;0;1;0;0;9;0;0;1;1;2700
0;1;0;0;0;1;0;5;0;0;2;1;2700
0;1;0;0;0;1;0;5;1;0;2;1;2700
0;0;1;1;0;0;0;4;0;1;1;1;2700
0;0;1;0;1;0;0;9;0;0;1;1;2700
0;0;1;1;0;0;0;3;0;0;2;0;2700
0;0;1;1;0;0;0;3;1;0;2;0;2700
0;0;0;1;0;0;0;15;0;0;1;1;2700
0;0;0;1;0;0;0;4;0;1;2;1;2700
0;0;0;0;1;0;0;9;0;0;1;1;2700
0;0;0;1;0;0;0;5;0;0;2;1;2700
0;0;0;0;0;1;0;5;0;0;4;1;2700
0;0;0;0;0;1;0;9;0;0;2;1;2700
0;0;0;1;0;0;0;4;0;0;2;0;2700
0;0;0;0;0;1;0;5;1;0;3;0;2700
0;0;0;0;0;1;0;5;0;1;2;1;2700
0;0;0;0;1;0;0;15;0;0;1;1;2700
0;0;0;1;0;0;0;5;1;0;2;1;2700
0;0;0;0;0;1;0;5;1;0;4;0;2700
0;0;0;1;0;0;0;9;0;0;2;1;2715
1;0;0;0;0;1;0;5;0;0;3;1;2720
0;0;0;0;1;0;0;16;0;0;1;1;2720
0;1;0;1;0;0;0;10;0;1;2;1;2730
0;1;0;0;1;0;0;5;0;0;2;1;2730
0;1;0;0;1;0;0;17;0;0;2;1;2730
0;1;0;1;0;0;0;9;0;0;1;1;2730
1;0;0;0;1;0;0;9;0;0;2;1;2750
1;0;0;0;0;1;0;5;0;1;3;1;2750
1;0;0;1;0;0;0;4;0;0;2;0;2750
1;0;0;0;1;0;0;13;0;0;2;1;2750
1;0;0;0;0;1;0;5;0;0;3;0;2750
1;0;0;0;0;1;0;5;0;0;3;1;2750
1;0;0;0;1;0;0;17;0;0;2;1;2750
1;0;0;0;0;1;0;5;0;0;4;1;2750
1;0;0;0;0;1;0;5;1;0;3;0;2750
1;0;0;0;0;1;0;5;0;0;3;1;2750
0;1;0;0;0;1;0;5;0;0;2;1;2750
0;1;0;0;0;1;0;5;0;1;2;1;2750
0;1;0;0;0;1;0;5;0;0;3;1;2750
0;1;0;1;0;0;0;5;1;0;2;0;2750
0;1;0;0;1;0;0;17;0;0;1;0;2750
0;1;0;0;0;1;0;4;0;1;2;0;2750
0;1;0;0;1;0;0;16;0;0;1;1;2750
0;1;0;0;0;1;0;5;0;0;2;0;2750
0;1;0;0;1;0;0;9;0;0;1;1;2750
0;1;0;0;0;1;0;9;0;0;2;1;2750
0;0;1;0;1;0;0;9;0;0;1;1;2750
0;0;1;0;0;1;0;5;0;1;3;1;2750
0;0;1;0;0;1;0;5;0;1;2;1;2750
0;0;0;0;0;1;0;9;0;0;2;1;2750
0;0;0;0;0;1;0;4;1;0;4;0;2750
0;0;0;0;0;1;0;5;0;1;2;1;2750
0;0;0;0;0;0;0;4;1;0;2;1;2750
0;0;0;0;0;1;0;5;0;0;3;1;2750
0;0;0;0;1;0;0;13;0;0;2;0;2750
0;0;0;0;0;1;0;5;0;1;3;0;2750
0;0;0;0;0;1;0;5;0;0;3;1;2750
0;0;0;1;0;0;0;16;0;0;2;1;2770
0;1;0;0;1;0;0;16;0;0;1;0;2780
0;1;0;0;0;1;0;5;0;1;2;1;2780
0;0;1;1;0;0;0;5;0;0;1;0;2780
0;1;0;0;0;0;0;3;1;0;1;1;2790
1;0;0;1;0;0;0;5;0;0;3;1;2800
1;0;0;0;1;0;0;10;0;1;2;0;2800
1;0;0;0;0;1;0;5;1;0;3;1;2800
1;0;0;0;0;0;0;2;0;1;3;0;2800
1;0;0;0;0;1;0;5;0;1;3;1;2800
1;0;0;0;0;1;0;9;0;0;2;1;2800
1;0;0;0;0;1;0;9;0;1;2;1;2800
0;1;0;0;1;0;0;9;0;1;1;1;2800
0;1;0;0;1;0;0;10;0;0;1;1;2800
0;1;0;0;0;1;0;5;0;0;2;0;2800
0;1;0;0;0;1;0;5;0;0;3;1;2800
0;1;0;0;1;0;0;3;0;1;1;1;2800
0;1;0;0;1;0;0;16;0;0;1;1;2800
0;1;0;1;0;0;0;2;0;1;3;0;2800
0;1;0;0;1;0;0;8;0;1;1;1;2800
0;1;0;0;1;0;0;16;0;0;1;0;2800
0;1;0;0;1;0;0;11;0;0;2;1;2800
0;1;0;0;0;1;0;5;1;0;3;0;2800
0;1;0;0;0;1;0;5;0;0;2;1;2800
0;0;1;0;0;1;0;5;0;0;4;1;2800
0;0;0;1;0;0;0;9;0;0;1;1;2800
0;0;0;1;0;0;0;4;0;1;2;1;2800
0;0;0;1;0;0;0;3;0;1;5;0;2800
0;0;0;1;0;0;0;9;0;1;1;1;2800
0;0;0;0;1;0;0;13;0;1;1;1;2800
0;0;0;0;0;1;0;5;0;1;3;1;2800
0;0;0;0;1;0;0;11;0;0;2;1;2800
0;0;0;0;0;0;0;4;0;0;2;1;2800
0;0;0;0;0;0;0;5;0;0;4;0;2800
0;0;0;0;0;1;0;9;0;0;2;1;2800
0;0;0;0;1;0;0;9;0;0;1;1;2800
0;0;0;0;0;1;0;4;0;1;3;1;2800
0;0;0;0;0;1;0;5;0;1;2;1;2800
0;1;0;0;1;0;0;9;0;0;1;1;2810
0;1;0;0;0;1;0;9;0;1;2;1;2830
0;1;0;1;0;0;0;4;0;1;2;1;2830
0;1;0;1;0;0;0;4;0;1;3;1;2830
0;1;0;0;1;0;0;14;0;0;1;1;2830
0;1;0;0;0;0;0;16;0;0;2;0;2833
0;1;0;0;0;0;0;16;0;0;2;0;2835
0;1;0;0;0;0;0;16;1;0;2;0;2837
0;0;0;0;0;0;0;9;0;0;3;0;2838
0;1;0;0;0;0;0;16;0;1;3;0;2840
0;0;0;0;1;0;0;17;0;0;1;1;2840
1;0;0;0;0;1;0;9;0;0;2;1;2850
1;0;0;0;0;1;0;5;0;1;3;1;2850
1;0;0;0;0;0;0;9;0;0;2;1;2850
1;0;0;0;0;1;0;9;0;1;2;1;2850
0;1;0;0;0;1;0;5;0;0;2;1;2850
0;1;0;0;0;1;0;5;0;1;2;1;2850
0;1;0;1;0;0;0;15;0;0;2;0;2850
0;1;0;0;1;0;0;17;0;0;1;1;2850
0;1;0;1;0;0;0;5;0;1;2;1;2850
0;1;0;1;0;0;0;2;0;1;3;0;2850
0;1;0;1;0;0;0;14;0;0;1;1;2850
0;1;0;1;0;0;0;5;0;1;2;0;2850
0;1;0;0;1;0;0;16;0;0;1;1;2850
0;1;0;0;1;0;0;16;0;0;1;0;2850
0;1;0;0;0;1;0;5;0;1;3;1;2850
0;1;0;1;0;0;0;5;0;0;3;0;2850
0;1;0;0;1;0;0;16;0;0;1;1;2850
0;1;0;0;1;0;0;9;0;0;1;1;2850
0;1;0;0;0;1;0;9;0;1;2;1;2850
0;0;1;1;0;0;0;10;0;0;2;0;2850
0;0;1;1;0;0;0;3;0;0;2;0;2850
0;0;1;0;1;0;0;17;0;0;1;1;2850
0;0;1;1;0;0;0;4;0;0;2;0;2850
0;0;1;1;0;0;0;5;0;0;2;0;2850
0;0;1;1;0;0;0;5;0;0;2;1;2850
0;0;0;1;0;0;0;4;0;0;3;1;2850
0;0;0;0;1;0;0;16;0;0;1;1;2850
0;0;0;0;0;1;0;9;1;0;3;1;2850
0;0;0;1;0;0;0;4;1;0;3;0;2850
0;0;0;0;0;0;0;5;0;0;2;1;2850
0;0;0;0;0;1;0;9;0;1;2;1;2850
0;0;0;0;0;1;0;9;0;0;2;1;2850
0;0;0;1;0;0;0;5;1;0;4;0;2850
0;1;0;0;1;0;0;14;0;0;2;1;2852
0;1;0;0;0;0;0;16;0;0;2;0;2853
0;0;0;0;0;0;0;9;0;0;3;0;2855
0;0;1;1;0;0;0;4;0;0;3;0;2860
0;0;1;1;0;0;0;5;0;1;1;1;2860
0;0;1;1;0;0;0;5;0;1;3;0;2860
0;0;0;0;0;0;0;9;1;0;3;0;2863
1;0;0;0;0;1;0;5;0;0;3;0;2870
1;0;0;1;0;0;0;4;0;0;2;0;2870
1;0;0;1;0;0;0;4;0;0;3;0;2870
0;1;0;0;0;1;0;5;0;1;2;0;2870
0;1;0;0;1;0;0;16;0;0;1;1;2870
0;1;0;0;1;0;0;15;0;0;1;1;2870
0;0;0;1;0;0;0;10;0;0;1;1;2870
0;0;0;0;0;1;0;9;0;0;2;1;2870
0;0;0;0;1;0;0;10;0;0;1;1;2872
0;1;0;0;0;1;0;5;0;1;3;1;2880
0;1;0;1;0;0;0;16;0;0;1;1;2880
0;1;0;0;1;0;0;9;0;0;1;1;2880
1;0;0;0;0;1;0;5;0;0;3;1;2890
0;1;0;1;0;0;0;4;0;0;3;1;2890
0;1;0;0;0;1;0;5;0;0;2;1;2890
0;1;0;0;0;1;0;5;1;0;2;0;2890
0;0;1;0;0;1;0;5;0;0;3;1;2890
1;0;0;0;1;0;0;17;0;0;2;1;2900
1;0;0;0;0;1;0;9;0;0;3;1;2900
1;0;0;0;0;1;0;5;1;0;3;1;2900
1;0;0;0;0;1;0;5;0;0;3;1;2900
1;0;0;0;0;1;0;5;0;0;3;1;2900
1;0;0;0;0;1;0;5;0;0;2;1;2900
1;0;0;1;0;0;0;5;0;0;4;1;2900
1;0;0;0;0;1;0;5;0;0;3;1;2900
0;1;0;0;0;1;0;5;0;0;2;1;2900
0;1;0;1;0;0;0;5;1;0;2;1;2900
0;1;0;0;0;1;0;9;0;0;2;1;2900
0;1;0;1;0;0;0;15;0;0;1;1;2900
0;1;0;0;1;0;0;16;0;0;1;1;2900
0;1;0;0;1;0;0;16;0;1;1;1;2900
0;1;0;1;0;0;0;5;0;1;2;1;2900
0;1;0;1;0;0;0;10;0;0;1;0;2900
0;1;0;0;0;1;0;9;1;0;2;1;2900
0;1;0;0;1;0;0;10;0;1;2;1;2900
0;1;0;1;0;0;0;10;0;1;2;1;2900
0;0;1;0;0;1;0;5;1;0;3;1;2900
0;0;1;1;0;0;0;2;0;1;3;0;2900
0;0;1;1;0;0;0;3;0;1;2;0;2900
0;0;1;1;0;0;0;5;0;1;3;1;2900
0;0;1;0;0;1;0;5;1;0;2;0;2900
0;0;0;0;1;0;0;12;0;0;1;1;2900
0;0;0;1;0;0;0;4;0;1;3;1;2900
0;0;0;0;0;1;0;5;0;0;3;1;2900
0;0;0;1;0;0;0;9;0;0;1;1;2900
0;0;0;0;0;1;0;9;0;0;2;1;2900
0;0;0;1;0;0;0;3;0;1;3;1;2900
0;0;0;0;0;1;0;5;0;0;3;0;2900
0;0;0;0;0;1;0;5;0;1;3;1;2900
0;0;0;1;0;0;0;5;1;0;3;0;2900
0;0;0;0;1;0;0;16;0;0;1;1;2900
0;0;0;0;0;1;0;5;0;1;3;1;2900
0;0;0;1;0;0;0;5;0;0;3;1;2900
1;0;0;0;0;1;0;5;0;1;2;1;2920
0;0;0;0;0;1;0;5;0;0;2;1;2920
0;1;0;1;0;0;0;16;0;1;1;1;2930
0;1;0;1;0;0;0;4;0;1;2;0;2930
0;1;0;0;1;0;0;15;0;0;1;1;2940
0;0;0;0;0;1;0;9;1;0;3;1;2940
1;0;0;1;0;0;0;4;0;0;2;0;2950
1;0;0;1;0;0;0;5;0;1;3;1;2950
1;0;0;0;0;1;0;5;0;0;3;1;2950
1;0;0;1;0;0;0;5;0;1;3;1;2950
0;1;0;0;1;0;0;9;0;0;1;0;2950
0;1;0;1;0;0;0;10;0;0;2;1;2950
0;1;0;1;0;0;0;3;0;0;2;0;2950
0;1;0;0;0;1;0;9;0;0;2;1;2950
0;1;0;0;0;1;0;5;0;0;2;1;2950
0;1;0;0;0;1;0;9;0;0;2;1;2950
0;1;0;1;0;0;0;5;0;0;2;0;2950
0;1;0;0;1;0;0;9;0;0;1;1;2950
0;1;0;0;0;0;0;17;0;0;2;1;2950
0;0;1;1;0;0;0;10;0;1;2;0;2950
0;0;1;1;0;0;0;7;0;1;2;0;2950
0;0;1;1;0;0;0;3;0;1;2;0;2950
0;0;1;1;0;0;0;5;0;1;3;1;2950
0;0;0;0;0;1;0;9;0;0;2;1;2950
0;0;0;0;0;1;0;9;0;0;1;1;2950
0;0;0;1;0;0;0;5;0;0;2;1;2950
0;0;0;0;0;0;0;9;0;0;3;0;2959
0;1;0;1;0;0;0;4;0;1;2;0;2960
0;0;0;0;0;0;0;9;0;0;3;0;2960
0;0;0;0;0;0;0;4;1;0;3;0;2970
0;0;0;0;0;0;0;9;0;0;3;0;2975
0;0;0;0;0;0;0;9;0;0;3;0;2975
0;1;0;1;0;0;0;10;0;0;2;1;2980
0;0;0;0;1;0;0;16;0;0;1;1;2980
0;0;0;0;1;0;0;16;0;0;2;1;2980
0;0;0;0;0;0;0;9;1;0;3;0;2985
0;0;0;0;0;0;0;9;1;0;3;0;2985
1;0;0;0;1;0;0;13;0;0;3;1;2990
1;0;0;0;1;0;0;9;1;0;3;1;2990
0;1;0;0;1;0;0;14;0;0;2;0;2990
0;1;0;1;0;0;0;5;1;0;1;0;2990
0;1;0;0;0;1;0;4;1;0;3;0;2990
0;1;0;1;0;0;0;16;0;0;1;1;2990
0;0;1;0;0;1;0;5;1;0;2;0;2990
0;0;1;0;0;1;0;5;0;1;3;1;2990
0;0;1;0;1;0;0;18;0;0;3;1;2990
0;0;0;1;0;0;0;6;0;0;1;1;2990
1;0;0;0;0;1;0;9;0;0;3;1;2999
0;0;1;1;0;0;0;5;0;1;2;0;2999
0;0;1;1;0;0;0;5;0;0;2;1;2999
0;0;1;1;0;0;0;4;0;0;3;0;2999
0;0;0;0;1;0;0;10;0;0;1;1;2999
1;0;0;0;0;1;0;5;0;1;3;1;3000
1;0;0;1;0;0;0;5;1;0;3;1;3000
1;0;0;1;0;0;0;4;0;0;2;0;3000
1;0;0;0;1;0;0;17;0;0;2;1;3000
1;0;0;1;0;0;0;3;0;0;2;1;3000
0;1;0;1;0;0;0;5;1;0;2;0;3000
0;1;0;0;1;0;0;9;0;0;1;1;3000
0;1;0;0;0;1;0;5;0;0;3;1;3000
0;1;0;1;0;0;0;5;1;0;1;0;3000
0;1;0;0;1;0;0;10;0;1;2;1;3000
0;1;0;0;0;1;0;5;0;0;2;1;3000
0;1;0;1;0;0;0;5;0;0;1;1;3000
0;1;0;0;1;0;0;15;0;1;1;1;3000
0;1;0;1;0;0;0;4;0;1;3;0;3000
0;1;0;0;0;1;0;9;0;0;2;1;3000
0;1;0;0;1;0;0;9;0;0;1;1;3000
0;1;0;0;1;0;0;9;0;0;1;1;3000
0;1;0;0;0;1;0;5;0;0;2;0;3000
0;0;1;0;0;0;0;5;0;1;3;1;3000
0;0;1;0;0;0;0;10;0;1;2;1;3000
0;0;0;1;0;0;0;5;0;1;4;1;3000
0;0;0;1;0;0;0;5;0;0;2;1;3000
0;0;0;1;0;0;0;5;0;1;2;1;3000
0;0;0;1;0;0;0;17;0;0;1;1;3000
0;0;0;0;0;0;0;4;0;1;3;1;3000
0;0;0;1;0;0;0;9;1;0;2;1;3000
0;0;0;0;1;0;0;9;1;0;2;1;3000
0;0;0;0;0;1;0;5;0;0;4;1;3000
0;0;0;0;0;1;0;9;0;0;3;1;3000
0;0;0;0;0;1;0;9;0;0;3;1;3000
0;0;0;0;0;1;0;5;1;0;4;0;3000
0;0;0;0;0;1;0;5;0;0;3;1;3000
0;0;0;1;0;0;0;5;0;0;2;1;3000
0;1;0;0;1;0;0;16;0;0;2;1;3014
0;1;0;1;0;0;0;5;0;0;1;1;3040
0;1;0;0;0;1;0;5;0;0;4;1;3045
1;0;0;1;0;0;0;5;1;0;3;0;3050
1;0;0;1;0;0;0;4;0;0;2;1;3050
0;1;0;0;1;0;0;6;0;0;2;0;3050
0;1;0;0;1;0;0;12;0;0;1;1;3050
0;1;0;0;0;1;0;5;1;0;3;0;3050
0;1;0;0;1;0;0;17;0;0;2;1;3050
0;1;0;0;0;1;0;7;0;1;2;1;3050
0;1;0;1;0;0;0;5;1;0;1;1;3050
0;1;0;0;0;1;0;9;0;0;2;1;3050
0;1;0;0;1;0;0;10;0;0;1;1;3050
0;1;0;0;1;0;0;9;0;0;1;1;3050
0;1;0;0;1;0;0;9;0;0;1;1;3050
0;1;0;0;1;0;0;9;0;0;1;1;3050
0;1;0;0;0;1;0;9;1;0;2;1;3050
0;1;0;1;0;0;0;17;0;0;2;1;3050
0;0;1;0;0;1;0;5;1;0;3;1;3050
0;0;0;1;0;0;0;14;0;0;2;1;3050
0;0;0;0;0;1;0;5;0;0;4;1;3050
0;0;0;1;0;0;0;3;0;0;2;0;3050
0;0;0;0;0;1;0;5;1;0;3;1;3050
0;0;0;0;0;1;0;5;0;0;4;1;3050
0;1;0;1;0;0;0;17;0;0;2;1;3054
0;1;0;0;1;0;0;9;0;0;1;1;3068
0;1;0;0;0;1;0;9;0;0;1;1;3070
0;1;0;0;1;0;0;15;0;0;3;1;3080
0;0;0;0;1;0;0;15;0;0;2;1;3080
0;1;0;0;0;0;0;16;0;1;3;0;3087
0;1;0;0;1;0;0;9;0;0;2;1;3090
0;0;1;0;1;0;0;9;0;0;1;1;3090
0;0;0;0;1;0;0;9;0;0;2;0;3092
0;0;0;0;1;0;0;9;0;0;2;0;3092
0;0;1;1;0;0;0;3;0;0;3;0;3099
1;0;0;1;0;0;0;5;0;0;3;1;3100
1;0;0;0;0;1;0;5;0;1;3;0;3100
1;0;0;0;0;1;0;5;0;1;3;1;3100
1;0;0;1;0;0;0;4;0;0;3;1;3100
1;0;0;1;0;0;0;4;1;0;3;0;3100
1;0;0;0;0;1;0;5;0;1;3;1;3100
1;0;0;1;0;0;0;12;0;0;2;0;3100
1;0;0;1;0;0;0;5;0;0;3;1;3100
1;0;0;1;0;0;0;5;0;1;3;1;3100
0;1;0;1;0;0;0;15;0;1;1;1;3100
0;1;0;1;0;0;0;6;0;0;1;0;3100
0;1;0;0;1;0;0;17;0;0;1;1;3100
0;1;0;0;1;0;0;19;0;0;1;1;3100
0;1;0;0;1;0;0;15;0;0;1;1;3100
0;1;0;0;1;0;0;16;0;0;1;1;3100
0;1;0;0;1;0;0;16;0;0;1;0;3100
0;1;0;0;1;0;0;16;0;0;1;1;3100
0;1;0;1;0;0;0;15;0;0;1;1;3100
0;1;0;1;0;0;0;5;1;0;4;1;3100
0;1;0;1;0;0;0;4;0;1;3;1;3100
0;1;0;1;0;0;0;4;0;1;3;1;3100
0;1;0;0;0;1;0;9;0;0;2;1;3100
0;1;0;0;1;0;0;14;0;0;1;1;3100
0;1;0;0;1;0;0;9;0;0;1;0;3100
0;0;1;0;0;1;0;5;0;0;2;1;3100
0;0;1;0;0;1;0;5;0;1;2;1;3100
0;0;1;1;0;0;0;4;0;0;3;1;3100
0;0;1;0;0;1;0;5;0;1;3;1;3100
0;0;1;1;0;0;0;5;1;0;2;1;3100
0;0;1;0;0;1;0;5;0;0;3;1;3100
0;0;0;1;0;0;0;5;0;0;3;1;3100
0;0;0;1;0;0;0;6;0;0;1;1;3100
0;0;0;1;0;0;0;12;0;0;1;1;3100
0;0;0;1;0;0;0;4;0;1;1;1;3100
0;0;0;1;0;0;0;5;1;0;3;1;3100
0;0;0;0;1;0;0;15;0;0;2;1;3100
0;0;0;0;1;0;0;9;0;0;2;0;3100
0;0;0;1;0;0;0;5;0;0;3;0;3100
0;0;0;0;1;0;0;9;0;0;2;1;3100
0;0;0;0;0;1;0;5;0;0;4;1;3100
0;0;0;0;0;1;0;5;1;0;3;0;3100
0;0;0;0;0;1;0;5;0;1;3;1;3100
0;0;0;0;0;1;0;5;1;0;3;1;3100
0;0;1;0;1;0;0;17;1;0;3;0;3110
0;0;0;0;1;0;0;16;0;0;1;1;3125
0;1;0;0;1;0;0;9;0;0;1;1;3130
0;0;1;0;1;0;0;9;0;1;1;1;3130
0;1;0;0;1;0;0;16;0;0;2;0;3139
0;1;0;0;1;0;0;13;0;0;1;1;3140
0;0;0;0;1;0;0;16;0;0;1;1;3143
1;0;0;1;0;0;0;4;0;0;2;0;3150
1;0;0;0;0;0;0;9;0;0;2;1;3150
1;0;0;1;0;0;0;9;0;0;2;1;3150
0;1;0;0;1;0;0;17;0;0;2;1;3150
0;1;0;0;0;1;0;5;0;1;4;1;3150
0;1;0;0;0;1;0;5;0;0;3;1;3150
0;1;0;0;1;0;0;17;0;0;2;1;3150
0;1;0;0;1;0;0;16;0;0;2;1;3150
0;1;0;1;0;0;0;18;0;0;1;1;3150
0;1;0;1;0;0;0;4;0;0;2;0;3150
0;1;0;0;0;1;0;5;0;0;3;1;3150
0;1;0;0;0;1;0;5;1;0;3;1;3150
0;1;0;0;0;1;0;5;1;0;3;1;3150
0;0;1;1;0;0;0;5;0;1;3;1;3150
0;0;1;0;0;1;0;5;0;0;2;0;3150
0;0;1;1;0;0;0;5;0;1;3;1;3150
0;0;1;1;0;0;0;5;0;1;3;1;3150
0;0;0;1;0;0;0;5;0;0;4;1;3150
0;0;0;1;0;0;0;10;0;0;2;1;3150
0;0;0;0;0;1;0;5;0;0;2;1;3150
0;0;0;0;1;0;0;16;0;0;1;1;3150
0;0;0;1;0;0;0;12;0;0;1;1;3150
0;0;0;0;0;1;0;5;1;0;3;0;3150
0;1;0;0;1;0;0;17;0;0;2;1;3155
0;1;0;1;0;0;0;5;0;1;2;1;3160
0;1;0;0;1;0;0;17;0;0;2;1;3165
1;0;0;0;0;0;0;10;0;0;2;1;3170
0;1;0;0;1;0;0;2;0;1;3;0;3170
0;1;0;0;1;0;0;16;0;0;2;0;3172
1;0;0;0;1;0;0;16;0;1;3;1;3180
0;1;0;0;1;0;0;18;0;0;2;1;3180
0;0;0;1;0;0;0;9;0;0;1;1;3180
0;1;0;0;0;0;0;16;1;0;3;0;3184
0;1;0;0;1;0;0;14;0;0;2;0;3190
0;1;0;0;1;0;0;16;0;0;2;0;3193
0;1;0;0;0;0;0;16;0;1;3;0;3194
1;0;0;0;0;1;0;5;0;1;3;0;3200
1;0;0;1;0;0;0;4;1;0;2;0;3200
1;0;0;0;0;1;0;5;0;1;4;1;3200
1;0;0;0;0;1;0;4;0;1;3;1;3200
0;1;0;1;0;0;0;5;0;0;3;0;3200
0;1;0;0;1;0;0;16;0;0;1;1;3200
0;1;0;0;1;0;0;14;0;0;2;1;3200
0;1;0;0;1;0;0;16;0;0;1;1;3200
0;1;0;1;0;0;0;16;0;0;2;1;3200
0;1;0;1;0;0;0;16;0;0;2;1;3200
0;1;0;1;0;0;0;5;0;1;2;1;3200
0;1;0;0;1;0;0;18;0;0;2;1;3200
0;1;0;1;0;0;0;5;0;1;3;1;3200
0;1;0;0;0;1;0;4;0;0;3;1;3200
0;1;0;0;1;0;0;9;0;0;2;1;3200
0;1;0;0;1;0;0;16;0;0;1;1;3200
0;1;0;0;1;0;0;16;0;0;1;1;3200
0;1;0;1;0;0;0;18;0;0;1;1;3200
0;0;1;1;0;0;0;5;0;0;2;1;3200
0;0;1;1;0;0;0;5;0;1;3;1;3200
0;0;1;0;1;0;0;13;0;0;2;1;3200
0;0;1;0;0;1;0;5;0;0;3;1;3200
0;0;1;1;0;0;0;5;0;0;3;1;3200
0;0;1;0;0;1;0;5;0;1;4;1;3200
0;0;0;0;0;1;0;9;0;0;2;1;3200
0;0;0;0;0;0;0;5;1;0;5;0;3200
0;0;0;0;0;1;0;9;0;0;3;1;3200
0;0;0;0;0;0;0;5;1;0;4;0;3200
0;0;0;0;1;0;0;16;0;0;1;0;3200
0;0;0;1;0;0;0;5;1;0;2;1;3200
0;0;0;0;0;1;0;5;0;0;3;1;3200
0;0;0;0;1;0;0;14;0;0;3;1;3200
0;0;0;0;0;0;0;14;0;0;1;1;3200
0;0;0;1;0;0;0;4;0;0;3;1;3200
0;0;0;0;0;1;0;9;0;0;2;1;3200
0;0;0;0;1;0;0;9;1;0;2;1;3200
0;0;0;1;0;0;0;4;0;0;3;1;3200
0;0;0;0;0;1;0;5;1;0;3;1;3200
0;0;0;0;0;1;0;9;0;0;4;1;3228
1;0;0;0;0;1;0;5;0;0;3;1;3250
1;0;0;0;0;1;0;5;0;0;3;1;3250
0;1;0;0;1;0;0;16;0;0;1;1;3250
0;1;0;1;0;0;0;5;0;0;2;1;3250
0;1;0;0;1;0;0;16;0;0;2;1;3250
0;1;0;1;0;0;0;5;0;0;3;1;3250
0;1;0;1;0;0;0;17;0;0;1;1;3250
0;1;0;0;0;1;0;4;0;0;3;0;3250
0;1;0;0;1;0;0;10;0;0;2;1;3250
0;1;0;0;1;0;0;10;0;0;1;0;3250
0;1;0;0;1;0;0;16;0;0;2;0;3250
0;0;1;1;0;0;0;4;1;0;3;0;3250
0;0;1;1;0;0;0;4;0;0;3;1;3250
0;0;1;1;0;0;0;5;0;0;3;1;3250
0;0;0;0;1;0;0;10;0;0;2;1;3250
0;0;0;1;0;0;0;16;0;0;1;1;3250
0;0;0;0;0;1;0;9;0;0;4;1;3250
0;0;0;0;0;1;0;9;0;0;3;1;3250
0;0;0;1;0;0;0;5;0;1;3;0;3250
0;0;0;0;0;1;0;9;0;0;3;1;3250
0;0;0;1;0;0;0;10;0;0;2;1;3250
0;0;0;0;1;0;0;15;0;0;2;1;3250
0;1;0;1;0;0;0;16;0;0;2;1;3252
0;1;0;1;0;0;0;4;0;1;3;1;3260
0;1;0;1;0;0;0;9;0;0;1;1;3280
0;0;1;0;1;0;0;7;0;0;1;0;3280
0;0;1;0;0;1;0;9;0;1;5;0;3280
0;0;0;0;0;1;0;9;0;0;3;1;3280
0;1;0;0;1;0;0;12;0;0;1;1;3290
0;0;1;1;0;0;0;5;0;0;3;1;3290
0;0;1;1;0;0;0;6;0;0;2;1;3290
0;0;0;0;0;1;0;9;0;0;3;1;3290
1;0;0;0;1;0;0;17;0;1;2;1;3300
1;0;0;0;0;1;0;5;0;0;3;1;3300
1;0;0;1;0;0;0;13;1;0;2;1;3300
0;1;0;0;1;0;0;16;0;0;2;1;3300
0;1;0;1;0;0;0;9;0;1;2;0;3300
0;1;0;1;0;0;0;4;0;0;3;0;3300
0;1;0;0;1;0;0;16;0;0;1;1;3300
0;1;0;1;0;0;0;5;0;0;3;1;3300
0;1;0;0;1;0;0;17;0;0;1;1;3300
0;1;0;0;1;0;0;16;0;0;1;0;3300
0;1;0;0;1;0;0;12;0;1;1;1;3300
0;1;0;1;0;0;0;5;0;0;3;1;3300
0;1;0;0;0;1;0;5;0;0;3;1;3300
0;1;0;0;1;0;0;9;0;0;1;1;3300
0;1;0;0;1;0;0;9;0;0;1;1;3300
0;0;1;1;0;0;0;5;0;0;2;1;3300
0;0;1;1;0;0;0;3;0;1;2;0;3300
0;0;1;1;0;0;0;5;0;0;2;1;3300
0;0;1;1;0;0;0;4;0;0;3;1;3300
0;0;1;1;0;0;0;4;0;1;2;0;3300
0;0;1;0;0;1;0;9;0;1;5;0;3300
0;0;0;0;1;0;0;9;0;0;1;1;3300
0;0;0;1;0;0;0;5;0;1;2;1;3300
0;0;0;0;1;0;0;17;0;0;2;1;3300
0;0;0;0;0;1;0;9;0;0;3;1;3300
0;0;0;0;0;1;0;5;0;0;3;1;3300
0;0;0;0;0;0;0;5;1;0;3;0;3300
0;0;0;0;0;1;0;9;0;0;3;1;3300
0;1;0;1;0;0;0;16;0;0;2;1;3308
0;1;0;0;0;0;0;16;0;0;2;0;3313
0;1;0;1;0;0;0;9;0;0;1;1;3320
0;1;0;0;1;0;0;16;0;0;3;1;3330
0;0;0;0;1;0;0;9;0;0;1;1;3330
1;0;0;0;0;1;0;5;0;0;2;1;3350
1;0;0;0;0;1;0;5;0;0;3;1;3350
1;0;0;0;0;1;0;5;0;0;3;1;3350
0;1;0;1;0;0;0;9;1;0;2;1;3350
0;1;0;0;1;0;0;16;0;0;1;1;3350
0;1;0;1;0;0;0;15;0;0;1;1;3350
0;1;0;1;0;0;0;16;0;0;1;1;3350
0;1;0;0;1;0;0;16;0;0;1;1;3350
0;1;0;1;0;0;0;16;0;0;2;1;3350
0;1;0;0;1;0;0;10;0;0;1;1;3350
0;1;0;0;0;1;0;9;0;1;2;0;3350
0;1;0;0;0;1;0;9;0;1;2;1;3350
0;1;0;0;1;0;0;9;0;0;1;1;3350
0;0;1;0;0;1;0;5;1;0;3;0;3350
0;0;1;1;0;0;0;5;0;0;3;1;3350
0;0;1;1;0;0;0;5;0;0;2;0;3350
0;0;1;1;0;0;0;5;1;0;3;0;3350
0;0;1;0;0;1;0;5;0;1;3;1;3350
0;0;0;1;0;0;0;8;0;0;2;1;3350
0;0;0;0;0;0;0;5;0;0;3;1;3350
0;0;0;0;1;0;0;16;0;1;2;1;3350
0;0;0;0;0;1;0;9;0;0;3;1;3350
0;0;0;0;0;1;0;9;0;0;2;1;3350
0;0;0;1;0;0;0;5;0;0;3;1;3350
0;0;0;0;0;1;0;5;0;0;3;1;3350
0;0;0;0;0;1;0;9;0;0;3;1;3350
0;1;0;1;0;0;0;4;0;1;3;0;3380
0;0;0;1;0;0;0;5;1;0;3;0;3390
0;0;0;1;0;0;0;5;0;1;3;1;3390
0;0;0;1;0;0;0;10;0;0;2;1;3390
0;0;0;0;0;1;0;9;0;1;4;1;3395
1;0;0;0;1;0;0;11;0;0;2;1;3400
1;0;0;1;0;0;0;10;0;0;3;1;3400
1;0;0;0;0;1;0;9;0;0;3;1;3400
0;1;0;1;0;0;0;5;0;0;4;1;3400
0;1;0;0;1;0;0;14;0;0;1;1;3400
0;1;0;1;0;0;0;4;0;0;3;0;3400
0;1;0;0;0;1;0;5;0;1;3;1;3400
0;1;0;0;1;0;0;10;0;0;2;1;3400
0;1;0;1;0;0;0;5;0;0;3;1;3400
0;1;0;0;0;1;0;5;1;0;3;0;3400
0;1;0;0;0;0;0;3;0;1;2;1;3400
0;1;0;0;0;0;0;15;1;0;2;1;3400
0;1;0;0;1;0;0;16;0;0;1;1;3400
0;1;0;0;0;1;0;4;0;1;3;1;3400
0;0;1;0;0;1;0;9;0;1;4;1;3400
0;0;1;0;0;1;0;5;1;0;3;1;3400
0;0;0;1;0;0;0;5;1;0;2;1;3400
0;0;0;0;0;1;0;5;0;1;3;1;3400
0;0;0;0;0;1;0;5;0;0;3;1;3400
0;0;0;0;1;0;0;16;0;0;1;1;3400
0;1;0;0;0;1;0;10;0;0;2;0;3420
0;0;1;0;1;0;0;3;0;1;2;0;3425
0;0;0;0;1;0;0;10;1;0;2;1;3430
0;1;0;0;1;0;0;2;1;0;3;0;3449
1;0;0;1;0;0;0;4;0;1;3;0;3450
1;0;0;0;0;0;0;9;0;0;2;1;3450
1;0;0;0;0;0;0;9;0;0;2;1;3450
0;1;0;0;0;1;0;5;0;0;3;1;3450
0;1;0;1;0;0;0;9;0;1;1;1;3450
0;1;0;0;1;0;0;15;0;0;1;1;3450
0;0;0;0;1;0;0;10;0;0;2;1;3450
0;0;0;1;0;0;0;9;0;0;2;1;3450
0;0;0;0;0;1;0;9;0;0;2;1;3450
0;0;0;1;0;0;0;5;1;0;3;0;3450
0;1;0;0;1;0;0;16;0;0;1;1;3470
0;1;0;0;0;1;0;10;0;0;2;1;3470
0;1;0;0;0;1;0;5;0;1;3;1;3480
0;1;0;1;0;0;0;9;0;0;2;0;3480
0;1;0;1;0;0;0;5;0;1;3;1;3480
0;0;1;1;0;0;0;10;0;0;2;1;3480
0;0;0;0;1;0;0;9;0;0;2;1;3490
0;1;0;1;0;0;0;5;0;0;3;1;3495
0;1;0;0;0;1;0;5;1;0;3;0;3495
1;0;0;1;0;0;0;5;0;0;3;1;3500
1;0;0;0;0;1;0;9;0;0;5;0;3500
1;0;0;0;0;1;0;5;0;0;4;1;3500
1;0;0;0;1;0;0;16;0;0;3;1;3500
0;1;0;1;0;0;0;12;0;0;1;1;3500
0;1;0;1;0;0;0;17;0;0;1;1;3500
0;1;0;1;0;0;0;16;0;0;1;1;3500
0;1;0;1;0;0;0;4;0;1;4;0;3500
0;1;0;1;0;0;0;9;0;0;1;1;3500
0;1;0;0;1;0;0;14;0;0;1;1;3500
0;1;0;0;1;0;0;13;0;0;1;1;3500
0;1;0;0;0;1;0;5;1;0;3;0;3500
0;1;0;0;0;1;0;9;0;0;3;1;3500
0;1;0;0;0;1;0;5;0;1;3;1;3500
0;1;0;1;0;0;0;10;1;0;2;0;3500
0;1;0;1;0;0;0;9;0;0;3;1;3500
0;0;1;1;0;0;0;5;1;0;3;1;3500
0;0;1;1;0;0;0;1;1;1;3;0;3500
0;0;1;1;0;0;0;4;0;1;1;0;3500
0;0;1;0;1;0;0;16;0;0;1;1;3500
0;0;1;0;0;1;0;5;0;0;3;1;3500
0;0;0;0;1;0;0;16;0;0;1;1;3500
0;0;0;0;1;0;0;7;1;0;2;1;3500
0;0;0;0;0;1;0;9;0;0;3;1;3500
0;0;0;1;0;0;0;5;0;0;3;1;3500
0;0;0;0;0;1;0;9;0;0;3;1;3500
0;1;0;0;0;0;0;16;0;0;3;0;3510
0;1;0;0;0;0;0;16;0;0;3;0;3516
1;0;0;0;0;1;0;9;0;0;2;1;3520
0;0;0;0;1;0;0;12;0;0;1;1;3545
1;0;0;1;0;0;0;5;0;0;3;1;3550
0;1;0;0;0;1;0;5;1;0;3;1;3550
0;1;0;0;1;0;0;9;0;0;1;1;3550
0;1;0;0;1;0;0;9;0;0;1;1;3550
0;1;0;1;0;0;0;5;0;0;3;1;3550
0;1;0;0;1;0;0;12;0;0;1;1;3550
0;1;0;0;0;1;0;9;0;0;3;1;3550
0;1;0;1;0;0;0;5;0;0;3;0;3550
0;0;1;1;0;0;0;5;0;0;3;1;3550
0;0;0;0;1;0;0;10;0;0;2;1;3550
0;0;0;0;0;1;0;5;0;0;3;1;3550
0;0;0;1;0;0;0;13;0;0;3;0;3550
0;0;0;0;0;0;0;9;0;1;2;1;3550
0;0;0;0;0;1;0;5;0;1;4;1;3550
0;0;0;0;1;0;0;12;0;0;2;1;3550
0;0;0;0;1;0;0;16;0;0;2;1;3550
0;0;0;0;1;0;0;10;0;0;2;1;3550
0;0;0;0;1;0;0;16;0;0;2;1;3550
0;0;0;1;0;0;0;17;0;0;2;1;3550
0;0;0;1;0;0;0;9;0;0;2;1;3550
1;0;0;1;0;0;0;5;0;0;3;0;3570
0;1;0;0;1;0;0;15;0;0;1;1;3570
0;1;0;0;1;0;0;14;0;0;2;0;3570
0;1;0;1;0;0;0;5;0;1;3;1;3570
0;0;1;1;0;0;0;5;0;1;2;1;3580
0;1;0;1;0;0;0;5;0;0;3;1;3590
0;0;1;1;0;0;0;10;0;1;3;0;3590
0;0;0;1;0;0;0;5;0;0;3;1;3590
0;1;0;0;0;1;0;10;0;0;2;0;3599
0;0;0;0;1;0;0;16;0;0;2;1;3599
1;0;0;0;1;0;0;12;0;0;3;1;3600
0;1;0;0;0;1;0;5;1;0;3;0;3600
0;1;0;1;0;0;0;10;0;0;2;1;3600
0;1;0;1;0;0;0;5;0;0;3;1;3600
0;1;0;1;0;0;0;5;1;0;3;1;3600
0;1;0;0;0;0;0;16;0;0;2;1;3600
0;1;0;1;0;0;0;3;0;0;3;0;3600
0;1;0;1;0;0;0;4;0;1;4;1;3600
0;1;0;1;0;0;0;5;0;0;3;1;3600
0;1;0;0;0;1;0;10;0;1;3;0;3600
0;1;0;1;0;0;0;5;0;0;3;1;3600
0;1;0;1;0;0;0;5;0;0;3;1;3600
0;1;0;1;0;0;0;5;0;0;3;1;3600
0;1;0;0;0;1;0;5;0;0;3;1;3600
0;0;1;0;0;0;0;3;0;1;3;1;3600
0;0;1;0;1;0;0;16;0;0;2;1;3600
0;0;1;0;0;1;0;5;0;1;4;1;3600
0;0;1;1;0;0;0;5;1;0;3;0;3600
0;0;0;1;0;0;0;5;0;0;4;1;3600
0;0;0;0;1;0;0;16;0;0;2;1;3600
0;0;0;0;0;1;0;5;1;0;3;0;3600
0;0;0;1;0;0;0;5;0;1;3;1;3600
0;0;0;0;1;0;0;9;0;0;2;1;3600
0;0;0;1;0;0;0;6;0;0;2;1;3600
0;0;0;0;1;0;0;9;0;0;2;1;3600
0;0;0;0;0;1;0;9;1;0;4;1;3600
0;0;0;0;1;0;0;12;1;0;2;1;3600
0;1;0;0;1;0;0;17;0;0;3;1;3618
0;0;0;0;1;0;0;9;0;0;2;1;3625
0;0;0;0;1;0;0;10;0;0;2;1;3630
0;0;1;0;1;0;0;17;0;0;3;1;3644
0;1;0;1;0;0;0;5;0;0;4;1;3650
0;1;0;0;1;0;0;16;0;0;1;1;3650
0;1;0;0;0;1;0;4;0;0;3;1;3650
0;0;1;1;0;0;0;4;1;0;2;0;3650
0;0;1;1;0;0;0;17;0;0;3;1;3650
0;0;0;0;0;0;0;5;0;0;2;1;3650
0;0;0;1;0;0;0;9;1;0;3;0;3650
0;0;0;1;0;0;0;6;0;0;2;1;3650
0;0;0;1;0;0;0;5;0;0;3;1;3650
0;0;0;1;0;0;0;5;0;0;3;1;3650
0;0;0;0;0;1;0;9;0;0;3;1;3650
0;0;1;0;1;0;0;17;0;0;3;1;3659
0;1;0;1;0;0;0;5;0;0;3;1;3680
0;1;0;0;1;0;0;15;0;0;2;1;3685
0;0;1;0;0;1;0;7;0;0;3;1;3690
0;0;1;0;0;1;0;5;0;0;3;1;3699
0;0;1;1;0;0;0;5;0;0;2;1;3699
1;0;0;0;1;0;0;11;0;0;3;1;3700
1;0;0;0;0;1;0;5;0;0;4;1;3700
0;1;0;0;1;0;0;16;0;1;1;1;3700
0;1;0;1;0;0;0;5;1;0;3;1;3700
0;1;0;1;0;0;0;5;0;0;3;1;3700
0;1;0;1;0;0;0;5;0;0;3;1;3700
0;0;1;1;0;0;0;5;0;1;3;1;3700
0;0;1;0;1;0;0;19;0;0;2;1;3700
0;0;0;0;1;0;0;12;0;0;2;1;3700
1;0;0;0;0;1;0;5;0;0;3;1;3740
0;0;0;0;1;0;0;16;0;0;2;1;3740
1;0;0;0;1;0;0;12;0;0;3;0;3750
1;0;0;0;0;1;0;9;0;0;2;1;3750
1;0;0;1;0;0;0;9;0;0;3;0;3750
0;1;0;1;0;0;0;5;0;1;3;1;3750
0;1;0;1;0;0;0;5;0;0;3;1;3750
0;1;0;0;1;0;0;15;1;0;3;1;3750
0;1;0;0;0;1;0;9;0;0;3;1;3750
0;1;0;1;0;0;0;12;0;0;1;1;3750
0;0;0;0;1;0;0;18;0;0;2;1;3750
0;0;0;0;0;1;0;9;0;0;3;1;3750
0;0;0;0;0;1;0;9;1;0;3;1;3750
0;0;0;1;0;0;0;5;0;1;3;1;3750
0;0;0;0;0;1;0;9;0;0;3;1;3750
0;1;0;0;1;0;0;15;0;0;3;1;3780
0;0;0;1;0;0;0;12;0;0;2;1;3780
1;0;0;0;0;1;0;9;0;0;4;1;3800
1;0;0;1;0;0;0;5;0;0;3;1;3800
1;0;0;1;0;0;0;5;0;0;3;1;3800
0;1;0;1;0;0;0;9;0;0;3;0;3800
0;1;0;0;1;0;0;18;0;1;2;1;3800
0;1;0;0;1;0;0;16;0;0;1;0;3800
0;1;0;0;0;1;0;9;0;0;3;1;3800
0;1;0;0;1;0;0;9;0;0;2;1;3800
0;1;0;0;1;0;0;9;0;0;2;1;3800
0;0;1;1;0;0;0;3;0;1;3;0;3800
0;0;0;1;0;0;0;5;0;0;3;1;3800
0;0;0;0;0;1;0;9;0;0;3;1;3800
0;0;0;0;0;1;0;9;1;0;3;1;3800
0;0;0;1;0;0;0;16;0;0;2;0;3800
0;0;0;0;0;1;0;5;0;1;5;1;3800
0;0;0;0;0;1;0;9;0;0;3;1;3800
0;0;0;0;0;1;0;9;0;0;3;1;3800
1;0;0;0;1;0;0;17;0;0;3;1;3850
1;0;0;0;0;0;0;9;1;0;4;1;3850
0;1;0;0;1;0;0;15;0;0;2;0;3850
0;1;0;0;1;0;0;16;0;0;2;1;3850
0;1;0;1;0;0;0;5;0;1;3;0;3850
0;1;0;0;1;0;0;7;0;0;1;1;3850
0;1;0;1;0;0;0;9;1;0;2;1;3850
0;1;0;0;1;0;0;10;0;0;2;1;3850
0;0;1;1;0;0;0;4;0;0;2;1;3850
0;0;1;1;0;0;0;3;0;1;3;0;3850
0;0;1;0;1;0;0;15;0;0;3;1;3850
0;1;0;0;1;0;0;15;0;0;2;1;3860
0;0;0;1;0;0;0;9;0;0;2;1;3870
0;1;0;0;1;0;0;15;0;1;2;1;3880
0;0;1;0;1;0;0;9;0;0;3;1;3880
0;0;1;0;0;1;0;10;0;0;3;1;3880
0;0;1;1;0;0;0;5;0;0;4;0;3880
0;0;0;0;0;0;0;5;0;0;3;1;3880
0;0;0;1;0;0;0;16;0;0;2;1;3890
0;1;0;0;1;0;0;17;0;0;2;1;3899
1;0;0;0;1;0;0;9;0;1;3;1;3900
0;1;0;1;0;0;0;3;0;1;3;0;3900
0;1;0;0;0;1;0;9;1;0;3;0;3900
0;1;0;1;0;0;0;16;0;0;2;1;3900
0;1;0;0;1;0;0;16;0;0;2;1;3900
0;1;0;1;0;0;0;15;0;0;2;1;3900
0;1;0;0;0;1;0;9;0;1;3;1;3900
0;1;0;0;1;0;0;16;0;0;2;1;3900
0;1;0;1;0;0;0;15;0;0;2;1;3900
0;0;1;1;0;0;0;5;1;0;3;1;3900
0;0;1;1;0;0;0;5;0;1;3;1;3900
0;0;0;0;0;1;0;9;0;0;4;0;3900
0;0;0;1;0;0;0;5;0;0;3;1;3900
0;1;0;0;0;0;0;16;0;0;2;1;3910
1;0;0;1;0;0;0;4;0;0;3;1;3950
1;0;0;1;0;0;0;5;0;1;4;0;3950
1;0;0;0;0;1;0;9;0;0;5;1;3950
0;1;0;0;1;0;0;19;0;0;3;1;3950
0;1;0;1;0;0;0;16;0;0;2;1;3950
0;1;0;0;1;0;0;9;0;0;2;1;3950
0;0;0;0;1;0;0;10;0;1;2;1;3950
0;0;0;0;0;0;0;10;0;0;2;1;3950
0;0;0;0;1;0;0;6;0;0;3;1;3950
0;0;0;1;0;0;0;6;0;0;3;1;3950
0;0;0;0;0;1;0;9;0;0;3;1;3950
1;0;0;0;0;1;0;7;0;1;3;1;3970
0;1;0;1;0;0;0;6;1;0;3;1;3980
0;1;0;0;1;0;0;16;0;0;2;1;3987
0;1;0;1;0;0;0;4;0;1;3;1;3990
0;1;0;0;1;0;0;10;0;0;2;1;3990
0;1;0;0;0;1;0;5;0;0;3;1;3990
0;0;1;1;0;0;0;3;0;1;2;0;3990
0;0;0;0;1;0;0;17;0;0;2;0;3990
0;0;0;0;1;0;0;16;0;0;2;0;3990
0;1;0;0;1;0;0;16;0;0;2;0;3999
0;1;0;1;0;0;0;3;1;0;2;0;4000
0;1;0;1;0;0;0;33;1;0;3;0;4000
0;1;0;1;0;0;0;3;1;0;3;0;4000
0;1;0;0;0;1;0;9;1;0;3;1;4000
0;1;0;0;1;0;0;17;0;0;3;1;4000
0;1;0;1;0;0;0;15;0;0;2;1;4000
0;1;0;0;0;1;0;5;0;0;3;1;4000
0;1;0;0;1;0;0;16;0;0;2;1;4000
0;0;1;1;0;0;0;3;0;1;2;0;4000
0;0;1;0;1;0;0;12;1;0;3;1;4000
0;0;1;0;0;1;0;5;0;1;2;1;4000
0;0;0;1;0;0;0;6;0;0;2;1;4000
0;0;0;0;1;0;0;9;0;0;2;1;4000
0;0;0;1;0;0;0;10;0;1;3;1;4000
0;0;0;0;0;1;0;9;0;0;3;1;4000
0;0;0;1;0;0;0;9;0;0;3;1;4000
0;1;0;0;1;0;0;15;0;0;3;1;4010
0;1;0;0;1;0;0;17;0;0;3;1;4010
0;1;0;0;0;1;0;9;0;0;3;1;4050
0;1;0;0;1;0;0;16;0;0;2;1;4050
0;1;0;0;0;1;0;5;0;0;3;1;4050
0;1;0;0;1;0;0;16;0;0;2;1;4050
0;0;1;1;0;0;0;2;0;1;1;0;4050
0;0;1;1;0;0;0;5;0;0;4;1;4050
0;0;0;0;0;1;0;9;0;0;3;1;4050
0;0;0;0;1;0;0;12;0;0;2;1;4050
0;1;0;0;1;0;0;9;0;0;3;1;4080
1;0;0;1;0;0;0;4;0;0;3;1;4090
0;1;0;0;0;0;0;17;0;0;2;0;4095
0;1;0;0;1;0;0;16;0;0;1;1;4100
0;1;0;1;0;0;0;15;0;0;2;0;4100
0;1;0;0;1;0;0;17;0;0;4;1;4100
0;1;0;1;0;0;0;15;0;0;2;1;4100
0;1;0;1;0;0;0;9;0;1;2;1;4100
0;1;0;0;0;1;0;9;0;0;3;1;4100
0;1;0;0;0;1;0;10;0;1;3;1;4100
0;1;0;1;0;0;0;15;0;0;2;1;4100
0;1;0;0;1;0;0;16;0;0;2;1;4100
0;0;1;0;0;0;1;2;0;1;3;1;4100
0;0;1;1;0;0;0;9;0;0;2;1;4100
0;0;0;0;0;1;0;9;0;0;3;1;4100
0;0;0;0;1;0;0;17;0;0;3;1;4100
0;0;0;0;0;1;0;5;1;0;4;0;4100
0;0;0;0;1;0;0;9;0;0;2;1;4100
0;0;0;0;0;0;0;4;1;0;3;0;4100
0;0;0;0;0;1;0;9;0;0;4;1;4100
0;1;0;0;0;0;0;16;0;0;4;0;4103
0;1;0;0;0;1;0;9;0;1;3;1;4123
0;1;0;0;1;0;0;9;1;0;2;1;4150
0;1;0;1;0;0;0;15;0;0;2;1;4150
0;1;0;1;0;0;0;5;0;1;3;1;4150
0;0;1;0;1;0;0;7;0;0;2;1;4180
0;0;0;1;0;0;0;5;0;0;2;1;4180
1;0;0;1;0;0;0;12;0;0;3;1;4200
0;1;0;1;0;0;0;17;0;0;2;1;4200
0;1;0;0;1;0;0;9;1;0;3;1;4200
0;1;0;1;0;0;0;11;0;0;2;0;4200
0;1;0;1;0;0;0;16;0;1;2;1;4200
0;1;0;0;1;0;0;16;0;0;2;1;4200
0;1;0;1;0;0;0;5;0;0;4;1;4200
0;1;0;0;0;1;0;9;0;0;3;1;4200
0;1;0;1;0;0;0;5;0;0;3;1;4200
0;1;0;1;0;0;0;5;0;1;4;1;4200
0;1;0;0;1;0;0;9;0;0;2;0;4200
0;1;0;0;0;1;0;9;0;0;3;1;4200
0;0;1;0;0;1;0;5;0;1;4;1;4200
0;0;0;1;0;0;0;9;1;0;3;1;4200
0;0;0;1;0;0;0;16;0;0;2;1;4200
0;0;0;0;1;0;0;17;0;0;2;1;4200
0;0;0;1;0;0;0;9;0;0;2;0;4200
0;0;0;0;1;0;0;12;0;0;2;1;4200
0;0;0;0;0;1;0;9;0;0;3;1;4200
0;0;0;1;0;0;0;9;0;1;3;1;4225
0;1;0;0;1;0;0;16;0;0;2;0;4240
1;0;0;0;0;1;0;9;0;0;3;1;4250
0;1;0;0;0;1;0;9;0;0;3;1;4250
0;1;0;1;0;0;0;4;0;1;4;1;4250
0;1;0;0;1;0;0;15;0;0;2;1;4250
0;1;0;1;0;0;0;5;0;0;3;1;4250
0;0;0;1;0;0;0;5;0;0;3;0;4250
0;0;0;0;0;0;0;5;0;0;4;1;4250
0;0;1;1;0;0;0;4;0;0;3;0;4299
1;0;0;1;0;0;0;4;0;0;3;0;4300
1;0;0;0;1;0;0;9;0;0;3;1;4300
0;1;0;0;1;0;0;14;0;0;2;1;4300
0;1;0;1;0;0;0;8;0;0;2;0;4300
0;1;0;0;1;0;0;16;0;0;2;1;4300
0;1;0;0;1;0;0;12;0;0;1;0;4300
0;1;0;1;0;0;0;5;0;0;2;1;4300
0;1;0;1;0;0;0;4;1;0;3;0;4300
0;0;1;1;0;0;0;5;0;1;3;0;4300
0;0;1;1;0;0;0;5;0;0;2;1;4300
0;1;0;1;0;0;0;4;0;0;3;1;4350
0;1;0;0;0;1;0;9;0;0;3;1;4350
0;1;0;1;0;0;0;6;0;0;4;1;4350
0;1;0;0;0;0;0;17;0;0;3;0;4361
0;1;0;1;0;0;0;2;1;0;3;0;4390
0;1;0;1;0;0;0;5;0;1;4;1;4390
0;1;0;0;0;1;0;9;0;1;3;1;4400
0;1;0;0;1;0;0;15;0;0;2;1;4400
0;1;0;0;1;0;0;12;0;0;1;1;4400
0;1;0;1;0;0;0;9;1;0;3;1;4400
0;1;0;1;0;0;0;10;0;0;2;1;4400
0;1;0;0;0;1;0;10;0;0;3;1;4400
0;0;1;1;0;0;0;3;0;0;4;0;4400
0;0;1;1;0;0;0;5;1;0;4;1;4400
0;1;0;0;1;0;0;9;0;0;2;1;4450
0;1;0;0;1;0;0;9;0;0;2;1;4450
0;0;0;0;1;0;0;16;0;0;2;1;4490
0;1;0;1;0;0;0;5;0;1;4;1;4500
0;1;0;1;0;0;0;10;0;0;2;1;4500
0;1;0;0;1;0;0;10;0;0;2;1;4500
0;1;0;0;1;0;0;16;0;0;2;1;4500
0;1;0;0;1;0;0;17;0;0;2;1;4500
0;1;0;0;1;0;0;9;0;0;3;1;4500
0;1;0;0;1;0;0;9;0;0;2;1;4500
0;1;0;0;1;0;0;9;0;0;2;1;4500
0;1;0;0;1;0;0;9;0;0;2;1;4500
0;0;1;0;1;0;0;8;0;0;2;0;4500
0;0;1;0;1;0;0;10;0;0;1;1;4500
0;0;1;1;0;0;0;5;0;0;2;1;4500
0;0;1;1;0;0;0;7;0;1;3;0;4500
0;0;0;1;0;0;0;5;1;0;4;0;4500
0;0;0;0;1;0;0;17;0;0;2;1;4500
0;0;0;1;0;0;0;9;1;0;2;1;4530
0;1;0;0;1;0;0;9;0;0;2;0;4550
0;1;0;0;1;0;0;9;0;0;2;1;4550
0;1;0;0;1;0;0;9;0;0;3;1;4550
0;1;0;0;1;0;0;9;0;0;3;1;4550
0;1;0;0;1;0;0;16;0;0;2;1;4550
0;1;0;1;0;0;0;9;1;0;3;1;4550
0;1;0;0;0;1;0;10;0;0;3;1;4550
0;0;0;1;0;0;0;5;0;0;4;1;4550
0;1;0;0;1;0;0;14;0;0;2;1;4560
0;1;0;0;0;1;0;9;0;0;5;1;4570
0;1;0;1;0;0;0;9;0;0;2;1;4580
0;1;0;0;1;0;0;9;0;0;2;1;4590
0;0;0;1;0;0;0;6;0;1;3;0;4590
1;0;0;0;0;1;0;5;1;0;4;1;4600
0;1;0;0;1;0;0;9;0;1;1;1;4600
0;1;0;0;0;1;0;9;0;0;3;1;4600
0;1;0;1;0;0;0;9;0;0;2;1;4600
0;1;0;1;0;0;0;16;0;0;2;1;4600
0;1;0;0;1;0;0;10;0;1;3;1;4600
0;1;0;1;0;0;0;9;0;0;2;1;4600
0;0;1;1;0;0;0;5;0;0;3;1;4600
0;0;1;0;1;0;0;13;0;0;2;1;4600
0;0;1;0;1;0;0;13;0;0;2;1;4600
0;0;0;0;0;1;0;9;0;0;4;1;4600
0;0;0;1;0;0;0;3;0;1;4;1;4600
0;0;0;0;1;0;0;16;0;0;2;0;4600
0;0;0;0;0;1;0;5;0;0;4;1;4600
0;0;0;1;0;0;0;9;0;0;3;1;4635
0;1;0;0;1;0;0;16;0;0;2;1;4650
0;1;0;1;0;0;0;11;0;0;3;0;4650
0;1;0;0;1;0;0;9;0;0;2;0;4650
0;1;0;0;0;0;0;17;0;0;3;0;4653
0;1;0;0;0;0;0;17;0;0;3;0;4653
0;0;0;1;0;0;0;6;0;1;4;1;4655
0;1;0;1;0;0;0;16;0;0;2;1;4670
0;1;0;0;1;0;0;15;0;0;2;1;4670
0;1;0;0;0;0;0;3;0;1;2;1;4700
0;1;0;1;0;0;0;6;0;0;2;1;4700
0;1;0;1;0;0;0;8;0;0;2;1;4700
0;1;0;0;1;0;0;12;0;0;2;1;4700
0;0;1;0;1;0;0;10;0;0;2;1;4700
0;0;0;0;1;0;0;16;0;1;2;0;4700
0;1;0;1;0;0;0;6;1;0;3;1;4750
0;1;0;0;1;0;0;16;0;0;2;1;4780
0;1;0;1;0;0;0;5;0;0;3;1;4780
0;1;0;1;0;0;0;5;0;0;3;1;4800
0;1;0;0;1;0;0;16;0;0;2;1;4800
0;1;0;1;0;0;0;9;0;0;3;1;4800
0;1;0;0;0;1;0;10;0;0;4;1;4800
0;1;0;1;0;0;0;15;0;0;3;1;4800
0;1;0;1;0;0;0;6;0;0;2;1;4800
0;1;0;0;1;0;0;9;0;0;2;1;4800
0;1;0;0;1;0;0;9;0;0;2;1;4800
0;1;0;1;0;0;0;5;0;0;4;1;4800
0;0;0;1;0;0;0;5;0;0;2;1;4800
0;0;0;0;1;0;0;10;0;0;3;0;4800
0;0;0;1;0;0;0;15;0;0;3;1;4800
0;0;0;0;1;0;0;12;0;0;2;1;4800
0;0;0;1;0;0;0;12;0;0;2;1;4800
0;0;0;0;1;0;0;12;0;0;2;1;4800
0;1;0;0;1;0;0;9;0;0;2;1;4830
0;1;0;0;1;0;0;10;0;0;2;1;4850
0;1;0;1;0;0;0;5;0;0;3;1;4850
0;1;0;0;1;0;0;9;0;1;2;1;4860
0;1;0;1;0;0;0;5;1;0;3;1;4890
0;1;0;1;0;0;0;9;0;1;3;1;4900
0;1;0;0;0;1;0;9;1;0;4;0;4900
0;1;0;0;1;0;0;13;0;0;2;1;4900
0;1;0;0;1;0;0;15;0;0;3;1;4900
0;0;1;0;0;1;0;5;0;1;3;1;4900
0;1;0;0;1;0;0;15;0;0;2;1;4950
0;1;0;0;1;0;0;9;0;1;3;1;4950
0;0;1;0;0;1;0;5;0;1;3;0;4950
0;0;1;0;1;0;0;9;0;0;3;1;4950
0;0;0;0;1;0;0;9;0;0;3;1;4990
0;1;0;1;0;0;0;5;0;0;3;1;4999
0;0;0;0;0;0;0;4;0;1;5;1;4999
1;0;0;1;0;0;0;9;1;0;3;1;5000
0;1;0;1;0;0;0;6;1;0;2;0;5000
0;1;0;0;1;0;0;13;0;0;3;1;5000
0;1;0;0;1;0;0;16;0;0;3;1;5000
0;1;0;1;0;0;0;5;0;0;4;1;5000
0;0;0;0;1;0;0;10;1;0;3;1;5000
0;0;0;0;0;1;0;5;0;1;4;1;5000
0;0;0;0;0;1;0;5;0;1;4;1;5000
0;0;0;0;0;1;0;9;1;0;4;1;5000
0;0;0;0;0;1;0;5;1;0;4;1;5000
0;0;0;0;1;0;0;9;1;0;3;1;5000
0;1;0;1;0;0;0;7;0;0;3;1;5050
0;1;0;1;0;0;0;9;0;1;3;1;5050
0;0;0;0;0;0;0;4;0;1;3;1;5050
0;1;0;0;1;0;0;9;0;0;3;1;5090
0;1;0;1;0;0;0;5;0;0;2;1;5100
0;1;0;0;1;0;0;15;0;1;3;0;5100
0;1;0;1;0;0;0;5;0;0;3;1;5100
0;1;0;0;1;0;0;16;0;0;1;1;5100
0;1;0;0;1;0;0;9;0;0;3;1;5100
0;1;0;1;0;0;0;5;0;1;3;1;5100
0;1;0;0;1;0;0;15;0;0;3;1;5100
0;0;1;1;0;0;0;4;0;1;2;0;5100
0;0;1;1;0;0;0;6;0;0;2;0;5100
0;0;1;0;1;0;0;9;0;0;2;1;5100
0;0;0;1;0;0;0;4;0;1;3;0;5100
0;0;0;1;0;0;0;15;0;0;3;1;5100
0;0;0;1;0;0;0;10;0;0;2;1;5100
0;0;0;0;1;0;0;5;0;0;4;1;5100
0;1;0;1;0;0;0;5;0;1;3;1;5150
0;0;1;1;0;0;0;9;1;0;2;1;5150
0;0;0;1;0;0;0;10;0;0;2;1;5150
0;1;0;0;0;0;0;17;0;1;3;0;5160
0;1;0;0;1;0;0;17;0;1;3;1;5160
0;1;0;1;0;0;0;5;1;0;3;1;5195
0;1;0;0;1;0;0;13;0;0;3;0;5198
0;1;0;0;0;1;0;9;0;1;4;1;5200
0;1;0;1;0;0;0;16;0;0;3;0;5200
0;1;0;1;0;0;0;6;0;0;4;1;5200
0;1;0;0;1;0;0;16;0;0;2;1;5200
0;1;0;0;1;0;0;17;0;0;2;1;5200
0;1;0;0;0;1;0;9;0;0;4;1;5200
0;1;0;1;0;0;0;17;0;0;2;1;5200
0;1;0;0;1;0;0;9;0;0;3;1;5200
0;0;1;1;0;0;0;3;0;1;3;1;5200
0;0;1;1;0;0;0;5;0;0;3;1;5200
0;0;1;1;0;0;0;6;0;0;2;0;5200
0;0;1;1;0;0;0;4;0;0;3;0;5200
0;0;0;1;0;0;0;6;0;0;4;1;5200
0;0;0;1;0;0;0;6;0;0;4;0;5200
0;1;0;0;1;0;0;13;0;0;2;0;5240
0;1;0;0;1;0;0;16;0;0;3;1;5300
0;1;0;1;0;0;0;4;0;0;3;0;5300
0;1;0;1;0;0;0;6;0;0;3;0;5300
0;1;0;0;0;1;0;9;0;0;5;1;5300
0;1;0;0;1;0;0;16;0;0;3;1;5300
0;0;1;1;0;0;0;5;0;0;3;0;5300
0;0;0;0;1;0;0;14;0;0;3;1;5300
0;0;0;1;0;0;0;5;0;0;3;1;5300
0;0;0;1;0;0;0;16;0;0;3;1;5300
0;1;0;1;0;0;0;5;1;0;3;1;5350
0;0;0;1;0;0;0;15;0;0;3;1;5350
0;1;0;0;1;0;0;17;0;0;3;1;5400
0;1;0;1;0;0;0;6;0;0;5;1;5400
0;0;0;1;0;0;0;5;0;0;3;1;5400
0;1;0;0;1;0;0;15;0;0;2;1;5500
0;1;0;1;0;0;0;5;1;0;3;1;5500
0;1;0;0;1;0;0;9;0;0;3;1;5500
0;1;0;1;0;0;0;10;1;0;3;1;5500
0;0;1;1;0;0;0;4;0;1;3;0;5500
0;0;0;1;0;0;0;9;0;1;2;1;5500
0;0;0;0;1;0;0;10;0;0;3;1;5500
0;0;0;0;1;0;0;12;0;0;3;1;5500
0;0;0;0;1;0;0;4;0;1;4;1;5500
0;0;0;1;0;0;0;15;0;0;3;1;5500
0;0;0;1;0;0;0;10;0;0;3;1;5500
0;1;0;0;1;0;0;15;0;0;2;0;5550
0;1;0;0;1;0;0;16;0;0;3;1;5550
0;0;0;0;0;1;0;5;0;1;4;1;5550
0;1;0;0;1;0;0;16;0;0;4;1;5600
0;1;0;1;0;0;0;9;1;0;3;0;5600
0;1;0;0;1;0;0;13;0;0;3;1;5600
0;1;0;1;0;0;0;7;0;0;3;0;5600
0;1;0;1;0;0;0;6;1;0;3;1;5600
0;1;0;1;0;0;0;9;0;0;3;1;5600
0;0;1;1;0;0;0;11;0;1;3;1;5600
0;0;1;0;1;0;0;10;0;0;3;1;5600
0;0;1;0;1;0;0;19;0;0;3;0;5600
0;0;0;0;1;0;0;9;0;0;3;1;5600
1;0;0;0;1;0;0;9;0;0;3;1;5650
0;1;0;0;1;0;0;16;0;0;2;0;5650
0;0;1;1;0;0;0;4;0;0;2;0;5650
0;0;1;1;0;0;0;9;0;1;3;1;5650
0;0;0;0;0;0;0;5;0;0;4;1;5650
0;0;0;0;1;0;0;14;0;0;3;1;5665
0;0;0;0;1;0;0;12;0;0;2;1;5670
0;1;0;0;0;1;0;9;0;0;5;1;5690
0;0;1;1;0;0;0;4;0;0;3;0;5700
0;1;0;0;1;0;0;15;0;0;2;1;5750
0;0;0;1;0;0;0;5;0;1;4;1;5750
0;1;0;1;0;0;0;9;0;0;3;0;5790
0;1;0;1;0;0;0;8;0;0;3;1;5800
0;1;0;1;0;0;0;6;0;0;3;1;5800
0;1;0;0;1;0;0;16;0;0;3;1;5800
0;1;0;1;0;0;0;10;0;0;2;1;5800
0;0;0;0;1;0;0;10;0;0;3;1;5800
0;0;0;1;0;0;0;4;0;0;3;0;5800
0;0;0;0;1;0;0;9;0;0;3;0;5825
0;1;0;1;0;0;0;16;0;0;3;1;5830
0;1;0;1;0;0;0;4;0;0;2;1;5843
0;1;0;0;1;0;0;9;1;0;3;1;5850
0;1;0;1;0;0;0;3;0;1;4;1;5850
0;0;0;1;0;0;0;5;0;1;4;1;5850
0;0;0;0;1;0;0;10;0;0;4;1;5890
0;1;0;1;0;0;0;5;1;0;3;1;5900
0;1;0;1;0;0;0;5;0;0;3;1;5900
0;0;1;1;0;0;0;5;0;0;3;1;5900
0;0;0;1;0;0;0;6;0;0;4;0;5900
0;0;0;1;0;0;0;9;0;0;3;1;5900
0;1;0;0;1;0;0;9;0;0;2;0;5950
0;1;0;0;1;0;0;9;0;0;3;0;5950
0;0;1;1;0;0;0;4;0;1;3;1;5950
0;1;0;1;0;0;0;16;0;0;2;1;5990
0;1;0;1;0;0;0;5;0;0;2;1;5990
0;0;0;1;0;0;0;10;0;0;3;0;5990
0;1;0;1;0;0;0;5;1;0;4;1;6000
0;1;0;0;1;0;0;8;0;0;2;1;6000
0;1;0;1;0;0;0;3;0;1;4;1;6000
0;0;0;1;0;0;0;5;0;1;3;1;6000
0;1;0;1;0;0;0;5;1;0;3;1;6100
0;1;0;0;1;0;0;16;0;1;3;1;6100
0;0;0;1;0;0;0;10;0;0;3;1;6100
0;0;0;0;0;0;0;4;0;1;4;1;6100
0;1;0;1;0;0;0;9;0;0;3;1;6120
0;0;0;1;0;0;0;6;0;0;4;1;6125
0;1;0;0;1;0;0;14;0;0;2;1;6150
0;1;0;1;0;0;0;10;0;1;4;1;6150
0;0;1;1;0;0;0;4;0;0;3;1;6150
0;1;0;0;0;1;0;9;0;1;4;1;6155
0;1;0;1;0;0;0;16;0;0;3;1;6200
0;1;0;1;0;0;0;9;0;0;3;1;6200
0;1;0;0;1;0;0;9;0;0;3;1;6200
0;1;0;0;1;0;0;16;0;0;3;0;6200
0;1;0;1;0;0;0;9;0;0;2;1;6200
0;1;0;0;1;0;0;12;0;1;3;1;6200
0;0;1;1;0;0;0;5;0;1;3;1;6200
0;1;0;1;0;0;0;5;0;0;3;0;6300
0;1;0;0;0;1;0;9;0;0;4;1;6300
0;0;0;1;0;0;0;9;0;0;3;1;6300
0;0;0;0;1;0;0;10;0;0;3;1;6350
0;1;0;1;0;0;0;5;0;0;3;1;6400
0;1;0;1;0;0;0;2;0;1;4;1;6500
0;1;0;1;0;0;0;17;0;0;2;0;6500
0;1;0;1;0;0;0;9;0;0;3;1;6500
0;1;0;1;0;0;0;5;0;0;4;1;6500
0;1;0;1;0;0;0;10;0;1;3;1;6500
0;1;0;1;0;0;0;5;1;0;3;1;6500
0;0;1;1;0;0;0;16;0;0;2;1;6500
0;0;1;1;0;0;0;5;0;1;3;1;6500
0;0;0;1;0;0;0;4;1;0;2;1;6500
0;0;0;1;0;0;0;6;0;0;4;1;6500
0;0;0;1;0;0;0;6;0;1;4;1;6500
0;0;0;0;0;0;0;3;0;1;4;1;6500
0;1;0;0;1;0;0;16;0;0;2;1;6600
0;1;0;0;1;0;0;6;0;1;4;1;6600
0;1;0;1;0;0;0;6;0;0;3;1;6600
0;0;1;0;1;0;0;9;0;0;3;1;6600
0;1;0;1;0;0;0;16;0;0;3;1;6640
0;1;0;0;1;0;0;15;0;0;2;1;6650
0;1;0;1;0;0;0;9;0;0;3;1;6650
0;1;0;1;0;0;0;5;0;0;3;1;6700
0;1;0;1;0;0;0;5;1;0;3;1;6700
0;1;0;1;0;0;0;10;0;0;4;1;6700
0;0;1;1;0;0;0;5;0;1;3;0;6700
0;0;1;1;0;0;0;4;0;0;4;1;6700
0;0;0;1;0;0;0;5;1;0;3;1;6700
0;1;0;0;1;0;0;5;0;1;4;1;6750
0;1;0;1;0;0;0;10;0;0;3;1;6800
0;0;0;0;1;0;0;10;0;0;3;1;6800
0;1;0;1;0;0;0;10;0;0;3;1;6850
0;0;0;0;1;0;0;10;0;0;3;1;6950
0;1;0;0;1;0;0;9;0;0;3;1;6990
0;1;0;0;1;0;0;12;0;0;2;1;7000
0;1;0;0;1;0;0;18;0;0;4;1;7000
0;1;0;1;0;0;0;5;0;0;3;1;7000
0;1;0;1;0;0;0;5;1;0;3;1;7000
0;0;0;1;0;0;0;13;0;1;3;0;7000
0;1;0;0;1;0;0;16;0;0;4;1;7100
0;1;0;1;0;0;0;5;0;0;4;1;7100
0;1;0;1;0;0;0;9;0;0;3;1;7130
0;1;0;1;0;0;0;16;0;0;3;1;7200
0;0;0;1;0;0;0;9;0;0;3;1;7200
0;1;0;0;1;0;0;10;0;1;3;1;7400
0;1;0;0;1;0;0;6;0;0;3;1;7500
0;1;0;1;0;0;0;9;0;0;3;1;7500
0;1;0;0;1;0;0;10;0;0;3;1;7500
0;0;1;1;0;0;0;5;0;0;3;1;7500
0;0;1;0;1;0;0;9;0;0;3;1;7500
0;0;0;0;1;0;0;17;0;1;4;1;7500
0;0;0;0;1;0;0;6;0;0;5;1;7600
0;1;0;0;1;0;0;9;0;0;3;1;7680
0;1;0;1;0;0;0;6;0;0;4;0;7700
0;1;0;0;1;0;0;16;0;1;2;1;7700
0;0;1;0;1;0;0;9;0;0;4;1;7800
0;0;1;1;0;0;0;7;0;0;4;0;7950
0;0;0;0;1;0;0;10;0;1;4;0;8000
0;0;0;0;0;0;0;2;1;0;3;0;8000
0;0;1;1;0;0;0;4;0;0;3;1;8100
0;1;0;0;1;0;0;9;0;0;3;1;8200
0;1;0;1;0;0;0;5;0;0;4;1;8200
0;1;0;1;0;0;0;6;0;1;4;1;8200
0;1;0;1;0;0;0;6;0;0;4;1;8200
0;1;0;1;0;0;0;6;0;0;4;1;8250
0;0;1;1;0;0;0;4;0;0;3;0;8300
0;0;1;1;0;0;0;4;0;0;4;1;8350
0;1;0;0;0;0;0;4;0;0;2;1;8354
0;1;0;1;0;0;0;6;0;0;3;1;8450
0;1;0;0;1;0;0;9;0;0;3;1;8460
0;1;0;1;0;0;0;10;0;0;3;1;8500
0;1;0;0;1;0;0;9;0;0;3;1;8500
0;1;0;1;0;0;0;8;0;0;4;1;8500
0;1;0;1;0;0;0;5;0;0;4;0;8600
0;1;0;0;1;0;0;16;0;0;3;1;8600
0;0;0;1;0;0;0;10;0;0;3;1;8700
0;0;0;0;1;0;0;14;0;0;4;1;8750
0;1;0;0;1;0;0;9;0;0;3;0;8800
0;1;0;1;0;0;0;8;0;0;4;1;8800
0;0;0;0;1;0;0;12;0;0;3;1;8800
0;0;1;1;0;0;0;9;0;0;3;1;8900
0;0;1;1;0;0;0;5;0;0;4;1;8900
0;1;0;0;1;0;0;16;0;0;3;0;9000
0;1;0;1;0;0;0;16;0;0;3;1;9300
0;1;0;0;1;0;0;9;0;0;3;1;9400
0;1;0;1;0;0;0;16;0;0;3;0;9480
0;1;0;0;1;0;0;16;0;0;3;0;9500
0;1;0;1;0;0;0;15;0;1;4;1;9650
0;0;1;1;0;0;0;16;0;0;3;1;9700
0;1;0;1;0;0;0;5;0;0;3;1;9800
0;1;0;1;0;0;0;6;0;0;3;0;9990
0;0;1;1;0;0;0;4;0;1;4;1;9999
0;1;0;0;1;0;0;11;0;1;4;1;10000
0;1;0;1;0;0;0;6;0;0;4;1;10000
0;1;0;1;0;0;0;5;0;0;3;1;10000
0;0;1;1;0;0;0;5;0;1;4;0;10000
0;0;1;0;1;0;0;7;0;0;4;1;10000
0;0;1;1;0;0;0;6;0;1;3;1;10000
0;1;0;0;1;0;0;16;0;0;3;1;10200
0;0;1;1;0;0;0;5;0;0;3;1;10300
0;1;0;1;0;0;0;5;0;1;5;1;10450
0;1;0;1;0;0;0;6;0;1;6;1;10500
0;1;0;1;0;0;0;6;0;0;5;1;10500
0;0;1;1;0;0;0;6;0;1;4;1;10500
0;0;1;1;0;0;0;5;0;1;4;1;10500
0;0;0;1;0;0;0;6;0;1;4;1;10500
0;1;0;1;0;0;0;9;0;0;4;1;10800
0;1;0;1;0;0;0;4;0;0;3;1;11200
0;0;0;0;1;0;0;8;0;1;3;1;11200
0;1;0;1;0;0;0;6;0;1;5;1;11500
0;0;1;1;0;0;0;5;0;0;2;1;11500
0;0;1;1;0;0;0;5;0;0;4;1;11500
0;0;1;0;1;0;0;10;0;0;4;1;11500
0;1;0;0;1;0;0;7;0;0;4;1;11650
0;0;1;1;0;0;0;4;0;1;3;0;12500
0;0;1;0;1;0;0;7;0;0;3;1;12500
0;1;0;1;0;0;0;16;0;0;4;1;13200
0;1;0;0;1;0;0;9;0;0;3;0;13350
0;1;0;1;0;0;0;10;0;0;2;0;13500
0;1;0;1;0;0;0;9;0;0;3;1;13500
0;1;0;1;0;0;0;12;0;0;3;0;14990
0;1;0;0;1;0;0;11;0;0;3;1;15000
0;1;0;1;0;0;0;16;0;0;4;1;15490
0;1;0;0;1;0;0;16;0;0;4;1;15990
0;1;0;1;0;0;0;6;0;0;5;1;16500
0;1;0;1;0;0;0;9;0;0;6;1;17000
0;1;0;1;0;0;0;6;0;1;8;0;18500
0;0;1;0;1;0;0;6;0;0;3;0;20000
0;0;1;1;0;0;0;8;0;0;5;0;28000
